customer_id,loyalty_score,product_id,product_category,purchase_count
C1,7,P22,fruit_veg,22
C1,7,P32,fruit_veg,22
C1,7,P34,fruit_veg,22
C1,7,P22,fruit_veg,22
C1,7,P22,fruit_veg,22
C1,7,P28,fruit_veg,22
C1,7,P28,fruit_veg,22
C1,7,P26,fruit_veg,22
C1,7,P32,fruit_veg,22
C1,7,P34,fruit_veg,22
C1,7,P30,fruit_veg,22
C1,7,P40,sweets,22
C1,7,P38,sweets,22
C1,7,P38,sweets,22
C1,7,P33,fruit_veg,22
C1,7,P30,fruit_veg,22
C1,7,P32,fruit_veg,22
C1,7,P31,fruit_veg,22
C1,7,P30,fruit_veg,22
C1,7,P34,fruit_veg,22
C1,7,P54,food,22
C1,7,P58,food,22
C10,5,P10,house,35
C10,5,P60,food,35
C10,5,P12,house,35
C10,5,P03,house,35
C10,5,P10,house,35
C10,5,P07,house,35
C10,5,P02,house,35
C10,5,P04,house,35
C10,5,P07,house,35
C10,5,P04,house,35
C10,5,P12,house,35
C10,5,P40,sweets,35
C10,5,P39,sweets,35
C10,5,P03,house,35
C10,5,P04,house,35
C10,5,P05,house,35
C10,5,P03,house,35
C10,5,P05,house,35
C10,5,P44,food,35
C10,5,P41,food,35
C10,5,P09,house,35
C10,5,P07,house,35
C10,5,P11,house,35
C10,5,P36,sweets,35
C10,5,P40,sweets,35
C10,5,P36,sweets,35
C10,5,P05,house,35
C10,5,P10,house,35
C10,5,P04,house,35
C10,5,P47,food,35
C10,5,P43,food,35
C10,5,P43,food,35
C10,5,P36,sweets,35
C10,5,P40,sweets,35
C10,5,P36,sweets,35
C100,8,P35,sweets,43
C100,8,P35,sweets,43
C100,8,P34,fruit_veg,43
C100,8,P32,fruit_veg,43
C100,8,P34,fruit_veg,43
C100,8,P32,fruit_veg,43
C100,8,P28,fruit_veg,43
C100,8,P39,sweets,43
C100,8,P35,sweets,43
C100,8,P35,sweets,43
C100,8,P27,fruit_veg,43
C100,8,P30,fruit_veg,43
C100,8,P29,fruit_veg,43
C100,8,P22,fruit_veg,43
C100,8,P34,fruit_veg,43
C100,8,P30,fruit_veg,43
C100,8,P23,fruit_veg,43
C100,8,P28,fruit_veg,43
C100,8,P34,fruit_veg,43
C100,8,P23,fruit_veg,43
C100,8,P29,fruit_veg,43
C100,8,P30,fruit_veg,43
C100,8,P23,fruit_veg,43
C100,8,P39,sweets,43
C100,8,P39,sweets,43
C100,8,P38,sweets,43
C100,8,P28,fruit_veg,43
C100,8,P25,fruit_veg,43
C100,8,P23,fruit_veg,43
C100,8,P28,fruit_veg,43
C100,8,P27,fruit_veg,43
C100,8,P28,fruit_veg,43
C100,8,P27,fruit_veg,43
C100,8,P34,fruit_veg,43
C100,8,P30,fruit_veg,43
C100,8,P24,fruit_veg,43
C100,8,P37,sweets,43
C100,8,P36,sweets,43
C100,8,P38,sweets,43
C100,8,P25,fruit_veg,43
C100,8,P24,fruit_veg,43
C100,8,P31,fruit_veg,43
C100,8,P22,fruit_veg,43
C101,2,P07,house,36
C101,2,P10,house,36
C101,2,P36,sweets,36
C101,2,P01,house,36
C101,2,P11,house,36
C101,2,P03,house,36
C101,2,P35,sweets,36
C101,2,P37,sweets,36
C101,2,P39,sweets,36
C101,2,P37,sweets,36
C101,2,P35,sweets,36
C101,2,P38,sweets,36
C101,2,P36,sweets,36
C101,2,P09,house,36
C101,2,P11,house,36
C101,2,P35,sweets,36
C101,2,P06,house,36
C101,2,P07,house,36
C101,2,P04,house,36
C101,2,P08,house,36
C101,2,P04,house,36
C101,2,P36,sweets,36
C101,2,P40,sweets,36
C101,2,P35,sweets,36
C101,2,P40,sweets,36
C101,2,P38,sweets,36
C101,2,P37,sweets,36
C101,2,P37,sweets,36
C101,2,P39,sweets,36
C101,2,P35,sweets,36
C101,2,P40,sweets,36
C101,2,P37,sweets,36
C101,2,P38,sweets,36
C101,2,P10,house,36
C101,2,P01,house,36
C101,2,P03,house,36
C102,1,P22,fruit_veg,35
C102,1,P33,fruit_veg,35
C102,1,P29,fruit_veg,35
C102,1,P22,fruit_veg,35
C102,1,P29,fruit_veg,35
C102,1,P25,fruit_veg,35
C102,1,P45,food,35
C102,1,P47,food,35
C102,1,P32,fruit_veg,35
C102,1,P28,fruit_veg,35
C102,1,P31,fruit_veg,35
C102,1,P22,fruit_veg,35
C102,1,P25,fruit_veg,35
C102,1,P26,fruit_veg,35
C102,1,P22,fruit_veg,35
C102,1,P34,fruit_veg,35
C102,1,P23,fruit_veg,35
C102,1,P31,fruit_veg,35
C102,1,P29,fruit_veg,35
C102,1,P29,fruit_veg,35
C102,1,P49,food,35
C102,1,P49,food,35
C102,1,P47,food,35
C102,1,P60,food,35
C102,1,P45,food,35
C102,1,P53,food,35
C102,1,P54,food,35
C102,1,P42,food,35
C102,1,P33,fruit_veg,35
C102,1,P28,fruit_veg,35
C102,1,P57,food,35
C102,1,P29,fruit_veg,35
C102,1,P33,fruit_veg,35
C102,1,P22,fruit_veg,35
C102,1,P33,fruit_veg,35
C103,7,P51,food,47
C103,7,P57,food,47
C103,7,P39,sweets,47
C103,7,P40,sweets,47
C103,7,P57,food,47
C103,7,P43,food,47
C103,7,P43,food,47
C103,7,P50,food,47
C103,7,P51,food,47
C103,7,P27,fruit_veg,47
C103,7,P23,fruit_veg,47
C103,7,P27,fruit_veg,47
C103,7,P27,fruit_veg,47
C103,7,P37,sweets,47
C103,7,P37,sweets,47
C103,7,P36,sweets,47
C103,7,P37,sweets,47
C103,7,P37,sweets,47
C103,7,P40,sweets,47
C103,7,P51,food,47
C103,7,P60,food,47
C103,7,P48,food,47
C103,7,P52,food,47
C103,7,P55,food,47
C103,7,P43,food,47
C103,7,P59,food,47
C103,7,P52,food,47
C103,7,P56,food,47
C103,7,P54,food,47
C103,7,P28,fruit_veg,47
C103,7,P22,fruit_veg,47
C103,7,P41,food,47
C103,7,P40,sweets,47
C103,7,P42,food,47
C103,7,P39,sweets,47
C103,7,P59,food,47
C103,7,P52,food,47
C103,7,P43,food,47
C103,7,P54,food,47
C103,7,P59,food,47
C103,7,P37,sweets,47
C103,7,P38,sweets,47
C103,7,P40,sweets,47
C103,7,P56,food,47
C103,7,P56,food,47
C103,7,P41,food,47
C103,7,P36,sweets,47
C104,7,P55,food,28
C104,7,P46,food,28
C104,7,P53,food,28
C104,7,P59,food,28
C104,7,P41,food,28
C104,7,P41,food,28
C104,7,P58,food,28
C104,7,P43,food,28
C104,7,P54,food,28
C104,7,P55,food,28
C104,7,P58,food,28
C104,7,P55,food,28
C104,7,P52,food,28
C104,7,P48,food,28
C104,7,P43,food,28
C104,7,P45,food,28
C104,7,P51,food,28
C104,7,P45,food,28
C104,7,P50,food,28
C104,7,P42,food,28
C104,7,P44,food,28
C104,7,P57,food,28
C104,7,P49,food,28
C104,7,P53,food,28
C104,7,P42,food,28
C104,7,P50,food,28
C104,7,P43,food,28
C104,7,P45,food,28
C105,8,P39,sweets,38
C105,8,P39,sweets,38
C105,8,P51,food,38
C105,8,P42,food,38
C105,8,P52,food,38
C105,8,P22,fruit_veg,38
C105,8,P30,fruit_veg,38
C105,8,P34,fruit_veg,38
C105,8,P27,fruit_veg,38
C105,8,P29,fruit_veg,38
C105,8,P23,fruit_veg,38
C105,8,P26,fruit_veg,38
C105,8,P28,fruit_veg,38
C105,8,P55,food,38
C105,8,P42,food,38
C105,8,P52,food,38
C105,8,P47,food,38
C105,8,P53,food,38
C105,8,P30,fruit_veg,38
C105,8,P26,fruit_veg,38
C105,8,P60,food,38
C105,8,P36,sweets,38
C105,8,P30,fruit_veg,38
C105,8,P27,fruit_veg,38
C105,8,P46,food,38
C105,8,P26,fruit_veg,38
C105,8,P37,sweets,38
C105,8,P38,sweets,38
C105,8,P40,sweets,38
C105,8,P43,food,38
C105,8,P60,food,38
C105,8,P28,fruit_veg,38
C105,8,P25,fruit_veg,38
C105,8,P32,fruit_veg,38
C105,8,P39,sweets,38
C105,8,P33,fruit_veg,38
C105,8,P33,fruit_veg,38
C105,8,P22,fruit_veg,38
C106,5,P36,sweets,48
C106,5,P39,sweets,48
C106,5,P38,sweets,48
C106,5,P24,fruit_veg,48
C106,5,P29,fruit_veg,48
C106,5,P30,fruit_veg,48
C106,5,P13,clothes,48
C106,5,P24,fruit_veg,48
C106,5,P32,fruit_veg,48
C106,5,P24,fruit_veg,48
C106,5,P37,sweets,48
C106,5,P37,sweets,48
C106,5,P14,clothes,48
C106,5,P18,clothes,48
C106,5,P21,clothes,48
C106,5,P35,sweets,48
C106,5,P38,sweets,48
C106,5,P39,sweets,48
C106,5,P20,clothes,48
C106,5,P21,clothes,48
C106,5,P14,clothes,48
C106,5,P16,clothes,48
C106,5,P13,clothes,48
C106,5,P14,clothes,48
C106,5,P28,fruit_veg,48
C106,5,P29,fruit_veg,48
C106,5,P61,bws,48
C106,5,P62,bws,48
C106,5,P63,bws,48
C106,5,P29,fruit_veg,48
C106,5,P25,fruit_veg,48
C106,5,P33,fruit_veg,48
C106,5,P38,sweets,48
C106,5,P38,sweets,48
C106,5,P25,fruit_veg,48
C106,5,P34,fruit_veg,48
C106,5,P23,fruit_veg,48
C106,5,P17,clothes,48
C106,5,P20,clothes,48
C106,5,P20,clothes,48
C106,5,P61,bws,48
C106,5,P18,clothes,48
C106,5,P20,clothes,48
C106,5,P17,clothes,48
C106,5,P13,clothes,48
C106,5,P13,clothes,48
C106,5,P32,fruit_veg,48
C106,5,P33,fruit_veg,48
C107,3,P26,fruit_veg,8
C107,3,P38,sweets,8
C107,3,P35,sweets,8
C107,3,P39,sweets,8
C107,3,P28,fruit_veg,8
C107,3,P28,fruit_veg,8
C107,3,P29,fruit_veg,8
C107,3,P29,fruit_veg,8
C108,8,P26,fruit_veg,66
C108,8,P28,fruit_veg,66
C108,8,P25,fruit_veg,66
C108,8,P24,fruit_veg,66
C108,8,P29,fruit_veg,66
C108,8,P29,fruit_veg,66
C108,8,P32,fruit_veg,66
C108,8,P34,fruit_veg,66
C108,8,P33,fruit_veg,66
C108,8,P23,fruit_veg,66
C108,8,P34,fruit_veg,66
C108,8,P26,fruit_veg,66
C108,8,P33,fruit_veg,66
C108,8,P23,fruit_veg,66
C108,8,P29,fruit_veg,66
C108,8,P23,fruit_veg,66
C108,8,P24,fruit_veg,66
C108,8,P29,fruit_veg,66
C108,8,P31,fruit_veg,66
C108,8,P29,fruit_veg,66
C108,8,P22,fruit_veg,66
C108,8,P26,fruit_veg,66
C108,8,P26,fruit_veg,66
C108,8,P29,fruit_veg,66
C108,8,P22,fruit_veg,66
C108,8,P22,fruit_veg,66
C108,8,P34,fruit_veg,66
C108,8,P24,fruit_veg,66
C108,8,P24,fruit_veg,66
C108,8,P32,fruit_veg,66
C108,8,P31,fruit_veg,66
C108,8,P32,fruit_veg,66
C108,8,P30,fruit_veg,66
C108,8,P34,fruit_veg,66
C108,8,P26,fruit_veg,66
C108,8,P34,fruit_veg,66
C108,8,P27,fruit_veg,66
C108,8,P28,fruit_veg,66
C108,8,P24,fruit_veg,66
C108,8,P28,fruit_veg,66
C108,8,P25,fruit_veg,66
C108,8,P34,fruit_veg,66
C108,8,P30,fruit_veg,66
C108,8,P28,fruit_veg,66
C108,8,P29,fruit_veg,66
C108,8,P28,fruit_veg,66
C108,8,P25,fruit_veg,66
C108,8,P30,fruit_veg,66
C108,8,P23,fruit_veg,66
C108,8,P25,fruit_veg,66
C108,8,P34,fruit_veg,66
C108,8,P22,fruit_veg,66
C108,8,P34,fruit_veg,66
C108,8,P31,fruit_veg,66
C108,8,P26,fruit_veg,66
C108,8,P29,fruit_veg,66
C108,8,P28,fruit_veg,66
C108,8,P24,fruit_veg,66
C108,8,P33,fruit_veg,66
C108,8,P34,fruit_veg,66
C108,8,P30,fruit_veg,66
C108,8,P22,fruit_veg,66
C108,8,P23,fruit_veg,66
C108,8,P33,fruit_veg,66
C108,8,P28,fruit_veg,66
C108,8,P28,fruit_veg,66
C109,6,P27,fruit_veg,14
C109,6,P25,fruit_veg,14
C109,6,P23,fruit_veg,14
C109,6,P30,fruit_veg,14
C109,6,P29,fruit_veg,14
C109,6,P28,fruit_veg,14
C109,6,P56,food,14
C109,6,P27,fruit_veg,14
C109,6,P32,fruit_veg,14
C109,6,P25,fruit_veg,14
C109,6,P59,food,14
C109,6,P43,food,14
C109,6,P45,food,14
C109,6,P45,food,14
C11,4,P25,fruit_veg,62
C11,4,P33,fruit_veg,62
C11,4,P34,fruit_veg,62
C11,4,P24,fruit_veg,62
C11,4,P29,fruit_veg,62
C11,4,P22,fruit_veg,62
C11,4,P25,fruit_veg,62
C11,4,P24,fruit_veg,62
C11,4,P22,fruit_veg,62
C11,4,P27,fruit_veg,62
C11,4,P10,house,62
C11,4,P09,house,62
C11,4,P04,house,62
C11,4,P12,house,62
C11,4,P30,fruit_veg,62
C11,4,P07,house,62
C11,4,P09,house,62
C11,4,P05,house,62
C11,4,P25,fruit_veg,62
C11,4,P22,fruit_veg,62
C11,4,P34,fruit_veg,62
C11,4,P27,fruit_veg,62
C11,4,P25,fruit_veg,62
C11,4,P33,fruit_veg,62
C11,4,P30,fruit_veg,62
C11,4,P32,fruit_veg,62
C11,4,P28,fruit_veg,62
C11,4,P34,fruit_veg,62
C11,4,P08,house,62
C11,4,P05,house,62
C11,4,P10,house,62
C11,4,P59,food,62
C11,4,P43,food,62
C11,4,P49,food,62
C11,4,P31,fruit_veg,62
C11,4,P22,fruit_veg,62
C11,4,P03,house,62
C11,4,P07,house,62
C11,4,P27,fruit_veg,62
C11,4,P34,fruit_veg,62
C11,4,P33,fruit_veg,62
C11,4,P32,fruit_veg,62
C11,4,P28,fruit_veg,62
C11,4,P34,fruit_veg,62
C11,4,P31,fruit_veg,62
C11,4,P29,fruit_veg,62
C11,4,P31,fruit_veg,62
C11,4,P22,fruit_veg,62
C11,4,P25,fruit_veg,62
C11,4,P26,fruit_veg,62
C11,4,P29,fruit_veg,62
C11,4,P27,fruit_veg,62
C11,4,P24,fruit_veg,62
C11,4,P22,fruit_veg,62
C11,4,P12,house,62
C11,4,P28,fruit_veg,62
C11,4,P58,food,62
C11,4,P43,food,62
C11,4,P50,food,62
C11,4,P44,food,62
C11,4,P43,food,62
C11,4,P34,fruit_veg,62
C110,3,P47,food,27
C110,3,P23,fruit_veg,27
C110,3,P29,fruit_veg,27
C110,3,P23,fruit_veg,27
C110,3,P51,food,27
C110,3,P50,food,27
C110,3,P42,food,27
C110,3,P60,food,27
C110,3,P45,food,27
C110,3,P59,food,27
C110,3,P48,food,27
C110,3,P32,fruit_veg,27
C110,3,P26,fruit_veg,27
C110,3,P24,fruit_veg,27
C110,3,P33,fruit_veg,27
C110,3,P29,fruit_veg,27
C110,3,P34,fruit_veg,27
C110,3,P28,fruit_veg,27
C110,3,P31,fruit_veg,27
C110,3,P31,fruit_veg,27
C110,3,P55,food,27
C110,3,P60,food,27
C110,3,P31,fruit_veg,27
C110,3,P23,fruit_veg,27
C110,3,P24,fruit_veg,27
C110,3,P56,food,27
C110,3,P55,food,27
C111,1,P46,food,51
C111,1,P55,food,51
C111,1,P58,food,51
C111,1,P03,house,51
C111,1,P10,house,51
C111,1,P04,house,51
C111,1,P41,food,51
C111,1,P57,food,51
C111,1,P58,food,51
C111,1,P35,sweets,51
C111,1,P38,sweets,51
C111,1,P38,sweets,51
C111,1,P10,house,51
C111,1,P11,house,51
C111,1,P38,sweets,51
C111,1,P35,sweets,51
C111,1,P36,sweets,51
C111,1,P08,house,51
C111,1,P02,house,51
C111,1,P62,bws,51
C111,1,P62,bws,51
C111,1,P63,bws,51
C111,1,P63,bws,51
C111,1,P64,bws,51
C111,1,P61,bws,51
C111,1,P38,sweets,51
C111,1,P37,sweets,51
C111,1,P35,sweets,51
C111,1,P40,sweets,51
C111,1,P38,sweets,51
C111,1,P40,sweets,51
C111,1,P36,sweets,51
C111,1,P35,sweets,51
C111,1,P35,sweets,51
C111,1,P38,sweets,51
C111,1,P38,sweets,51
C111,1,P38,sweets,51
C111,1,P38,sweets,51
C111,1,P35,sweets,51
C111,1,P39,sweets,51
C111,1,P40,sweets,51
C111,1,P06,house,51
C111,1,P01,house,51
C111,1,P11,house,51
C111,1,P61,bws,51
C111,1,P36,sweets,51
C111,1,P39,sweets,51
C111,1,P01,house,51
C111,1,P03,house,51
C111,1,P39,sweets,51
C111,1,P37,sweets,51
C112,3,P27,fruit_veg,40
C112,3,P62,bws,40
C112,3,P61,bws,40
C112,3,P36,sweets,40
C112,3,P34,fruit_veg,40
C112,3,P27,fruit_veg,40
C112,3,P26,fruit_veg,40
C112,3,P64,bws,40
C112,3,P62,bws,40
C112,3,P26,fruit_veg,40
C112,3,P32,fruit_veg,40
C112,3,P30,fruit_veg,40
C112,3,P31,fruit_veg,40
C112,3,P18,clothes,40
C112,3,P36,sweets,40
C112,3,P22,fruit_veg,40
C112,3,P26,fruit_veg,40
C112,3,P28,fruit_veg,40
C112,3,P39,sweets,40
C112,3,P39,sweets,40
C112,3,P24,fruit_veg,40
C112,3,P30,fruit_veg,40
C112,3,P34,fruit_veg,40
C112,3,P22,fruit_veg,40
C112,3,P39,sweets,40
C112,3,P22,fruit_veg,40
C112,3,P25,fruit_veg,40
C112,3,P29,fruit_veg,40
C112,3,P22,fruit_veg,40
C112,3,P33,fruit_veg,40
C112,3,P37,sweets,40
C112,3,P37,sweets,40
C112,3,P39,sweets,40
C112,3,P35,sweets,40
C112,3,P35,sweets,40
C112,3,P62,bws,40
C112,3,P39,sweets,40
C112,3,P25,fruit_veg,40
C112,3,P33,fruit_veg,40
C112,3,P30,fruit_veg,40
C113,5,P64,bws,14
C113,5,P64,bws,14
C113,5,P61,bws,14
C113,5,P62,bws,14
C113,5,P62,bws,14
C113,5,P62,bws,14
C113,5,P61,bws,14
C113,5,P61,bws,14
C113,5,P64,bws,14
C113,5,P62,bws,14
C113,5,P63,bws,14
C113,5,P64,bws,14
C113,5,P64,bws,14
C113,5,P62,bws,14
C114,3,P02,house,63
C114,3,P06,house,63
C114,3,P02,house,63
C114,3,P06,house,63
C114,3,P10,house,63
C114,3,P08,house,63
C114,3,P48,food,63
C114,3,P56,food,63
C114,3,P49,food,63
C114,3,P48,food,63
C114,3,P08,house,63
C114,3,P02,house,63
C114,3,P05,house,63
C114,3,P53,food,63
C114,3,P02,house,63
C114,3,P03,house,63
C114,3,P08,house,63
C114,3,P42,food,63
C114,3,P47,food,63
C114,3,P54,food,63
C114,3,P42,food,63
C114,3,P51,food,63
C114,3,P02,house,63
C114,3,P10,house,63
C114,3,P12,house,63
C114,3,P09,house,63
C114,3,P07,house,63
C114,3,P10,house,63
C114,3,P49,food,63
C114,3,P52,food,63
C114,3,P48,food,63
C114,3,P08,house,63
C114,3,P07,house,63
C114,3,P60,food,63
C114,3,P53,food,63
C114,3,P45,food,63
C114,3,P03,house,63
C114,3,P54,food,63
C114,3,P41,food,63
C114,3,P51,food,63
C114,3,P02,house,63
C114,3,P10,house,63
C114,3,P09,house,63
C114,3,P11,house,63
C114,3,P10,house,63
C114,3,P59,food,63
C114,3,P56,food,63
C114,3,P12,house,63
C114,3,P03,house,63
C114,3,P11,house,63
C114,3,P02,house,63
C114,3,P59,food,63
C114,3,P60,food,63
C114,3,P54,food,63
C114,3,P58,food,63
C114,3,P10,house,63
C114,3,P07,house,63
C114,3,P07,house,63
C114,3,P46,food,63
C114,3,P59,food,63
C114,3,P50,food,63
C114,3,P08,house,63
C114,3,P07,house,63
C115,1,P12,house,9
C115,1,P62,bws,9
C115,1,P05,house,9
C115,1,P12,house,9
C115,1,P10,house,9
C115,1,P04,house,9
C115,1,P08,house,9
C115,1,P63,bws,9
C115,1,P62,bws,9
C116,5,P16,clothes,39
C116,5,P15,clothes,39
C116,5,P17,clothes,39
C116,5,P13,clothes,39
C116,5,P15,clothes,39
C116,5,P13,clothes,39
C116,5,P14,clothes,39
C116,5,P13,clothes,39
C116,5,P16,clothes,39
C116,5,P17,clothes,39
C116,5,P19,clothes,39
C116,5,P20,clothes,39
C116,5,P17,clothes,39
C116,5,P17,clothes,39
C116,5,P15,clothes,39
C116,5,P19,clothes,39
C116,5,P19,clothes,39
C116,5,P18,clothes,39
C116,5,P17,clothes,39
C116,5,P14,clothes,39
C116,5,P16,clothes,39
C116,5,P21,clothes,39
C116,5,P16,clothes,39
C116,5,P16,clothes,39
C116,5,P15,clothes,39
C116,5,P19,clothes,39
C116,5,P19,clothes,39
C116,5,P17,clothes,39
C116,5,P18,clothes,39
C116,5,P13,clothes,39
C116,5,P13,clothes,39
C116,5,P21,clothes,39
C116,5,P14,clothes,39
C116,5,P16,clothes,39
C116,5,P18,clothes,39
C116,5,P15,clothes,39
C116,5,P16,clothes,39
C116,5,P14,clothes,39
C116,5,P13,clothes,39
C117,10,P44,food,16
C117,10,P59,food,16
C117,10,P56,food,16
C117,10,P45,food,16
C117,10,P50,food,16
C117,10,P41,food,16
C117,10,P58,food,16
C117,10,P59,food,16
C117,10,P47,food,16
C117,10,P47,food,16
C117,10,P58,food,16
C117,10,P55,food,16
C117,10,P59,food,16
C117,10,P45,food,16
C117,10,P52,food,16
C117,10,P47,food,16
C118,7,P33,fruit_veg,12
C118,7,P22,fruit_veg,12
C118,7,P29,fruit_veg,12
C118,7,P56,food,12
C118,7,P60,food,12
C118,7,P51,food,12
C118,7,P56,food,12
C118,7,P56,food,12
C118,7,P59,food,12
C118,7,P52,food,12
C118,7,P48,food,12
C118,7,P25,fruit_veg,12
C119,7,P37,sweets,42
C119,7,P36,sweets,42
C119,7,P37,sweets,42
C119,7,P39,sweets,42
C119,7,P35,sweets,42
C119,7,P36,sweets,42
C119,7,P38,sweets,42
C119,7,P37,sweets,42
C119,7,P40,sweets,42
C119,7,P40,sweets,42
C119,7,P35,sweets,42
C119,7,P35,sweets,42
C119,7,P39,sweets,42
C119,7,P37,sweets,42
C119,7,P39,sweets,42
C119,7,P35,sweets,42
C119,7,P36,sweets,42
C119,7,P39,sweets,42
C119,7,P37,sweets,42
C119,7,P37,sweets,42
C119,7,P40,sweets,42
C119,7,P39,sweets,42
C119,7,P35,sweets,42
C119,7,P40,sweets,42
C119,7,P37,sweets,42
C119,7,P38,sweets,42
C119,7,P39,sweets,42
C119,7,P40,sweets,42
C119,7,P40,sweets,42
C119,7,P40,sweets,42
C119,7,P36,sweets,42
C119,7,P37,sweets,42
C119,7,P35,sweets,42
C119,7,P38,sweets,42
C119,7,P40,sweets,42
C119,7,P36,sweets,42
C119,7,P39,sweets,42
C119,7,P39,sweets,42
C119,7,P35,sweets,42
C119,7,P40,sweets,42
C119,7,P39,sweets,42
C119,7,P39,sweets,42
C12,8,P06,house,20
C12,8,P05,house,20
C12,8,P02,house,20
C12,8,P33,fruit_veg,20
C12,8,P26,fruit_veg,20
C12,8,P34,fruit_veg,20
C12,8,P34,fruit_veg,20
C12,8,P26,fruit_veg,20
C12,8,P30,fruit_veg,20
C12,8,P42,food,20
C12,8,P43,food,20
C12,8,P05,house,20
C12,8,P01,house,20
C12,8,P01,house,20
C12,8,P04,house,20
C12,8,P52,food,20
C12,8,P59,food,20
C12,8,P60,food,20
C12,8,P45,food,20
C12,8,P53,food,20
C120,9,P46,food,47
C120,9,P51,food,47
C120,9,P52,food,47
C120,9,P09,house,47
C120,9,P04,house,47
C120,9,P11,house,47
C120,9,P11,house,47
C120,9,P12,house,47
C120,9,P44,food,47
C120,9,P45,food,47
C120,9,P57,food,47
C120,9,P09,house,47
C120,9,P01,house,47
C120,9,P54,food,47
C120,9,P60,food,47
C120,9,P52,food,47
C120,9,P51,food,47
C120,9,P22,fruit_veg,47
C120,9,P25,fruit_veg,47
C120,9,P22,fruit_veg,47
C120,9,P26,fruit_veg,47
C120,9,P58,food,47
C120,9,P44,food,47
C120,9,P46,food,47
C120,9,P22,fruit_veg,47
C120,9,P25,fruit_veg,47
C120,9,P30,fruit_veg,47
C120,9,P07,house,47
C120,9,P06,house,47
C120,9,P08,house,47
C120,9,P41,food,47
C120,9,P49,food,47
C120,9,P53,food,47
C120,9,P41,food,47
C120,9,P58,food,47
C120,9,P42,food,47
C120,9,P46,food,47
C120,9,P58,food,47
C120,9,P12,house,47
C120,9,P10,house,47
C120,9,P01,house,47
C120,9,P06,house,47
C120,9,P09,house,47
C120,9,P59,food,47
C120,9,P58,food,47
C120,9,P02,house,47
C120,9,P02,house,47
C121,10,P24,fruit_veg,31
C121,10,P31,fruit_veg,31
C121,10,P52,food,31
C121,10,P48,food,31
C121,10,P59,food,31
C121,10,P55,food,31
C121,10,P57,food,31
C121,10,P38,sweets,31
C121,10,P40,sweets,31
C121,10,P41,food,31
C121,10,P49,food,31
C121,10,P22,fruit_veg,31
C121,10,P41,food,31
C121,10,P49,food,31
C121,10,P56,food,31
C121,10,P23,fruit_veg,31
C121,10,P32,fruit_veg,31
C121,10,P37,sweets,31
C121,10,P36,sweets,31
C121,10,P40,sweets,31
C121,10,P36,sweets,31
C121,10,P34,fruit_veg,31
C121,10,P32,fruit_veg,31
C121,10,P29,fruit_veg,31
C121,10,P30,fruit_veg,31
C121,10,P47,food,31
C121,10,P23,fruit_veg,31
C121,10,P34,fruit_veg,31
C121,10,P27,fruit_veg,31
C121,10,P26,fruit_veg,31
C121,10,P34,fruit_veg,31
C122,10,P36,sweets,41
C122,10,P39,sweets,41
C122,10,P39,sweets,41
C122,10,P40,sweets,41
C122,10,P35,sweets,41
C122,10,P36,sweets,41
C122,10,P37,sweets,41
C122,10,P36,sweets,41
C122,10,P40,sweets,41
C122,10,P38,sweets,41
C122,10,P40,sweets,41
C122,10,P37,sweets,41
C122,10,P35,sweets,41
C122,10,P37,sweets,41
C122,10,P38,sweets,41
C122,10,P37,sweets,41
C122,10,P37,sweets,41
C122,10,P37,sweets,41
C122,10,P36,sweets,41
C122,10,P40,sweets,41
C122,10,P39,sweets,41
C122,10,P39,sweets,41
C122,10,P40,sweets,41
C122,10,P37,sweets,41
C122,10,P39,sweets,41
C122,10,P38,sweets,41
C122,10,P37,sweets,41
C122,10,P40,sweets,41
C122,10,P39,sweets,41
C122,10,P35,sweets,41
C122,10,P40,sweets,41
C122,10,P38,sweets,41
C122,10,P37,sweets,41
C122,10,P39,sweets,41
C122,10,P35,sweets,41
C122,10,P35,sweets,41
C122,10,P37,sweets,41
C122,10,P37,sweets,41
C122,10,P39,sweets,41
C122,10,P36,sweets,41
C122,10,P38,sweets,41
C123,3,P62,bws,12
C123,3,P06,house,12
C123,3,P11,house,12
C123,3,P10,house,12
C123,3,P11,house,12
C123,3,P17,clothes,12
C123,3,P17,clothes,12
C123,3,P32,fruit_veg,12
C123,3,P33,fruit_veg,12
C123,3,P31,fruit_veg,12
C123,3,P31,fruit_veg,12
C123,3,P31,fruit_veg,12
C124,7,P51,food,21
C124,7,P50,food,21
C124,7,P45,food,21
C124,7,P60,food,21
C124,7,P54,food,21
C124,7,P60,food,21
C124,7,P50,food,21
C124,7,P61,bws,21
C124,7,P63,bws,21
C124,7,P36,sweets,21
C124,7,P39,sweets,21
C124,7,P39,sweets,21
C124,7,P52,food,21
C124,7,P48,food,21
C124,7,P55,food,21
C124,7,P45,food,21
C124,7,P58,food,21
C124,7,P44,food,21
C124,7,P60,food,21
C124,7,P39,sweets,21
C124,7,P43,food,21
C125,1,P31,fruit_veg,23
C125,1,P31,fruit_veg,23
C125,1,P27,fruit_veg,23
C125,1,P40,sweets,23
C125,1,P37,sweets,23
C125,1,P36,sweets,23
C125,1,P32,fruit_veg,23
C125,1,P29,fruit_veg,23
C125,1,P29,fruit_veg,23
C125,1,P28,fruit_veg,23
C125,1,P24,fruit_veg,23
C125,1,P33,fruit_veg,23
C125,1,P34,fruit_veg,23
C125,1,P25,fruit_veg,23
C125,1,P40,sweets,23
C125,1,P40,sweets,23
C125,1,P56,food,23
C125,1,P43,food,23
C125,1,P44,food,23
C125,1,P48,food,23
C125,1,P48,food,23
C125,1,P41,food,23
C125,1,P60,food,23
C126,4,P45,food,50
C126,4,P53,food,50
C126,4,P44,food,50
C126,4,P34,fruit_veg,50
C126,4,P25,fruit_veg,50
C126,4,P27,fruit_veg,50
C126,4,P33,fruit_veg,50
C126,4,P32,fruit_veg,50
C126,4,P30,fruit_veg,50
C126,4,P22,fruit_veg,50
C126,4,P23,fruit_veg,50
C126,4,P24,fruit_veg,50
C126,4,P40,sweets,50
C126,4,P41,food,50
C126,4,P58,food,50
C126,4,P49,food,50
C126,4,P60,food,50
C126,4,P39,sweets,50
C126,4,P39,sweets,50
C126,4,P36,sweets,50
C126,4,P35,sweets,50
C126,4,P34,fruit_veg,50
C126,4,P31,fruit_veg,50
C126,4,P34,fruit_veg,50
C126,4,P43,food,50
C126,4,P44,food,50
C126,4,P51,food,50
C126,4,P32,fruit_veg,50
C126,4,P26,fruit_veg,50
C126,4,P28,fruit_veg,50
C126,4,P25,fruit_veg,50
C126,4,P24,fruit_veg,50
C126,4,P22,fruit_veg,50
C126,4,P40,sweets,50
C126,4,P39,sweets,50
C126,4,P35,sweets,50
C126,4,P28,fruit_veg,50
C126,4,P31,fruit_veg,50
C126,4,P38,sweets,50
C126,4,P37,sweets,50
C126,4,P35,sweets,50
C126,4,P37,sweets,50
C126,4,P36,sweets,50
C126,4,P39,sweets,50
C126,4,P42,food,50
C126,4,P58,food,50
C126,4,P23,fruit_veg,50
C126,4,P26,fruit_veg,50
C126,4,P54,food,50
C126,4,P26,fruit_veg,50
C127,4,P61,bws,16
C127,4,P62,bws,16
C127,4,P07,house,16
C127,4,P56,food,16
C127,4,P64,bws,16
C127,4,P62,bws,16
C127,4,P61,bws,16
C127,4,P06,house,16
C127,4,P63,bws,16
C127,4,P64,bws,16
C127,4,P63,bws,16
C127,4,P04,house,16
C127,4,P08,house,16
C127,4,P64,bws,16
C127,4,P58,food,16
C127,4,P45,food,16
C128,5,P64,bws,31
C128,5,P62,bws,31
C128,5,P64,bws,31
C128,5,P61,bws,31
C128,5,P64,bws,31
C128,5,P62,bws,31
C128,5,P64,bws,31
C128,5,P61,bws,31
C128,5,P61,bws,31
C128,5,P62,bws,31
C128,5,P63,bws,31
C128,5,P63,bws,31
C128,5,P63,bws,31
C128,5,P62,bws,31
C128,5,P62,bws,31
C128,5,P64,bws,31
C128,5,P62,bws,31
C128,5,P64,bws,31
C128,5,P62,bws,31
C128,5,P62,bws,31
C128,5,P64,bws,31
C128,5,P61,bws,31
C128,5,P64,bws,31
C128,5,P64,bws,31
C128,5,P62,bws,31
C128,5,P64,bws,31
C128,5,P63,bws,31
C128,5,P64,bws,31
C128,5,P62,bws,31
C128,5,P61,bws,31
C128,5,P63,bws,31
C129,7,P38,sweets,33
C129,7,P38,sweets,33
C129,7,P37,sweets,33
C129,7,P62,bws,33
C129,7,P63,bws,33
C129,7,P64,bws,33
C129,7,P20,clothes,33
C129,7,P18,clothes,33
C129,7,P36,sweets,33
C129,7,P40,sweets,33
C129,7,P13,clothes,33
C129,7,P14,clothes,33
C129,7,P15,clothes,33
C129,7,P13,clothes,33
C129,7,P16,clothes,33
C129,7,P64,bws,33
C129,7,P37,sweets,33
C129,7,P64,bws,33
C129,7,P63,bws,33
C129,7,P62,bws,33
C129,7,P08,house,33
C129,7,P12,house,33
C129,7,P20,clothes,33
C129,7,P13,clothes,33
C129,7,P21,clothes,33
C129,7,P63,bws,33
C129,7,P63,bws,33
C129,7,P61,bws,33
C129,7,P61,bws,33
C129,7,P63,bws,33
C129,7,P61,bws,33
C129,7,P62,bws,33
C129,7,P02,house,33
C13,8,P30,fruit_veg,34
C13,8,P30,fruit_veg,34
C13,8,P32,fruit_veg,34
C13,8,P33,fruit_veg,34
C13,8,P31,fruit_veg,34
C13,8,P24,fruit_veg,34
C13,8,P28,fruit_veg,34
C13,8,P23,fruit_veg,34
C13,8,P30,fruit_veg,34
C13,8,P33,fruit_veg,34
C13,8,P33,fruit_veg,34
C13,8,P24,fruit_veg,34
C13,8,P29,fruit_veg,34
C13,8,P32,fruit_veg,34
C13,8,P24,fruit_veg,34
C13,8,P28,fruit_veg,34
C13,8,P27,fruit_veg,34
C13,8,P23,fruit_veg,34
C13,8,P24,fruit_veg,34
C13,8,P22,fruit_veg,34
C13,8,P22,fruit_veg,34
C13,8,P23,fruit_veg,34
C13,8,P27,fruit_veg,34
C13,8,P34,fruit_veg,34
C13,8,P25,fruit_veg,34
C13,8,P27,fruit_veg,34
C13,8,P28,fruit_veg,34
C13,8,P23,fruit_veg,34
C13,8,P33,fruit_veg,34
C13,8,P28,fruit_veg,34
C13,8,P30,fruit_veg,34
C13,8,P24,fruit_veg,34
C13,8,P24,fruit_veg,34
C13,8,P34,fruit_veg,34
C130,7,P28,fruit_veg,8
C130,7,P22,fruit_veg,8
C130,7,P26,fruit_veg,8
C130,7,P26,fruit_veg,8
C130,7,P28,fruit_veg,8
C130,7,P27,fruit_veg,8
C130,7,P28,fruit_veg,8
C130,7,P24,fruit_veg,8
C131,4,P61,bws,66
C131,4,P61,bws,66
C131,4,P62,bws,66
C131,4,P33,fruit_veg,66
C131,4,P31,fruit_veg,66
C131,4,P25,fruit_veg,66
C131,4,P62,bws,66
C131,4,P62,bws,66
C131,4,P37,sweets,66
C131,4,P40,sweets,66
C131,4,P35,sweets,66
C131,4,P40,sweets,66
C131,4,P35,sweets,66
C131,4,P40,sweets,66
C131,4,P37,sweets,66
C131,4,P62,bws,66
C131,4,P25,fruit_veg,66
C131,4,P39,sweets,66
C131,4,P38,sweets,66
C131,4,P40,sweets,66
C131,4,P36,sweets,66
C131,4,P38,sweets,66
C131,4,P35,sweets,66
C131,4,P39,sweets,66
C131,4,P40,sweets,66
C131,4,P63,bws,66
C131,4,P25,fruit_veg,66
C131,4,P34,fruit_veg,66
C131,4,P33,fruit_veg,66
C131,4,P24,fruit_veg,66
C131,4,P31,fruit_veg,66
C131,4,P36,sweets,66
C131,4,P35,sweets,66
C131,4,P38,sweets,66
C131,4,P36,sweets,66
C131,4,P39,sweets,66
C131,4,P35,sweets,66
C131,4,P30,fruit_veg,66
C131,4,P33,fruit_veg,66
C131,4,P28,fruit_veg,66
C131,4,P48,food,66
C131,4,P51,food,66
C131,4,P45,food,66
C131,4,P51,food,66
C131,4,P45,food,66
C131,4,P51,food,66
C131,4,P27,fruit_veg,66
C131,4,P62,bws,66
C131,4,P64,bws,66
C131,4,P63,bws,66
C131,4,P38,sweets,66
C131,4,P35,sweets,66
C131,4,P39,sweets,66
C131,4,P36,sweets,66
C131,4,P35,sweets,66
C131,4,P40,sweets,66
C131,4,P40,sweets,66
C131,4,P37,sweets,66
C131,4,P39,sweets,66
C131,4,P40,sweets,66
C131,4,P35,sweets,66
C131,4,P38,sweets,66
C131,4,P36,sweets,66
C131,4,P63,bws,66
C131,4,P63,bws,66
C131,4,P64,bws,66
C132,7,P41,food,30
C132,7,P44,food,30
C132,7,P47,food,30
C132,7,P45,food,30
C132,7,P57,food,30
C132,7,P60,food,30
C132,7,P59,food,30
C132,7,P57,food,30
C132,7,P47,food,30
C132,7,P50,food,30
C132,7,P47,food,30
C132,7,P56,food,30
C132,7,P43,food,30
C132,7,P53,food,30
C132,7,P56,food,30
C132,7,P53,food,30
C132,7,P42,food,30
C132,7,P54,food,30
C132,7,P59,food,30
C132,7,P42,food,30
C132,7,P57,food,30
C132,7,P55,food,30
C132,7,P55,food,30
C132,7,P47,food,30
C132,7,P41,food,30
C132,7,P45,food,30
C132,7,P52,food,30
C132,7,P50,food,30
C132,7,P44,food,30
C132,7,P41,food,30
C133,3,P59,food,50
C133,3,P41,food,50
C133,3,P53,food,50
C133,3,P28,fruit_veg,50
C133,3,P34,fruit_veg,50
C133,3,P27,fruit_veg,50
C133,3,P29,fruit_veg,50
C133,3,P48,food,50
C133,3,P54,food,50
C133,3,P60,food,50
C133,3,P50,food,50
C133,3,P46,food,50
C133,3,P47,food,50
C133,3,P43,food,50
C133,3,P44,food,50
C133,3,P58,food,50
C133,3,P54,food,50
C133,3,P60,food,50
C133,3,P28,fruit_veg,50
C133,3,P26,fruit_veg,50
C133,3,P31,fruit_veg,50
C133,3,P24,fruit_veg,50
C133,3,P22,fruit_veg,50
C133,3,P34,fruit_veg,50
C133,3,P24,fruit_veg,50
C133,3,P57,food,50
C133,3,P24,fruit_veg,50
C133,3,P28,fruit_veg,50
C133,3,P24,fruit_veg,50
C133,3,P34,fruit_veg,50
C133,3,P34,fruit_veg,50
C133,3,P22,fruit_veg,50
C133,3,P26,fruit_veg,50
C133,3,P33,fruit_veg,50
C133,3,P31,fruit_veg,50
C133,3,P41,food,50
C133,3,P58,food,50
C133,3,P49,food,50
C133,3,P31,fruit_veg,50
C133,3,P32,fruit_veg,50
C133,3,P28,fruit_veg,50
C133,3,P60,food,50
C133,3,P48,food,50
C133,3,P45,food,50
C133,3,P31,fruit_veg,50
C133,3,P23,fruit_veg,50
C133,3,P23,fruit_veg,50
C133,3,P45,food,50
C133,3,P59,food,50
C133,3,P59,food,50
C134,6,P46,food,25
C134,6,P48,food,25
C134,6,P55,food,25
C134,6,P54,food,25
C134,6,P42,food,25
C134,6,P46,food,25
C134,6,P58,food,25
C134,6,P55,food,25
C134,6,P56,food,25
C134,6,P52,food,25
C134,6,P53,food,25
C134,6,P41,food,25
C134,6,P60,food,25
C134,6,P47,food,25
C134,6,P54,food,25
C134,6,P49,food,25
C134,6,P53,food,25
C134,6,P59,food,25
C134,6,P51,food,25
C134,6,P60,food,25
C134,6,P56,food,25
C134,6,P50,food,25
C134,6,P54,food,25
C134,6,P58,food,25
C134,6,P43,food,25
C135,2,P40,sweets,22
C135,2,P39,sweets,22
C135,2,P35,sweets,22
C135,2,P46,food,22
C135,2,P42,food,22
C135,2,P38,sweets,22
C135,2,P38,sweets,22
C135,2,P36,sweets,22
C135,2,P56,food,22
C135,2,P46,food,22
C135,2,P42,food,22
C135,2,P49,food,22
C135,2,P58,food,22
C135,2,P44,food,22
C135,2,P42,food,22
C135,2,P51,food,22
C135,2,P60,food,22
C135,2,P54,food,22
C135,2,P35,sweets,22
C135,2,P35,sweets,22
C135,2,P35,sweets,22
C135,2,P42,food,22
C136,10,P26,fruit_veg,48
C136,10,P31,fruit_veg,48
C136,10,P28,fruit_veg,48
C136,10,P38,sweets,48
C136,10,P37,sweets,48
C136,10,P38,sweets,48
C136,10,P39,sweets,48
C136,10,P62,bws,48
C136,10,P64,bws,48
C136,10,P62,bws,48
C136,10,P42,food,48
C136,10,P47,food,48
C136,10,P47,food,48
C136,10,P63,bws,48
C136,10,P62,bws,48
C136,10,P39,sweets,48
C136,10,P37,sweets,48
C136,10,P35,sweets,48
C136,10,P18,clothes,48
C136,10,P14,clothes,48
C136,10,P17,clothes,48
C136,10,P35,sweets,48
C136,10,P40,sweets,48
C136,10,P44,food,48
C136,10,P41,food,48
C136,10,P27,fruit_veg,48
C136,10,P26,fruit_veg,48
C136,10,P22,fruit_veg,48
C136,10,P44,food,48
C136,10,P63,bws,48
C136,10,P58,food,48
C136,10,P27,fruit_veg,48
C136,10,P23,fruit_veg,48
C136,10,P29,fruit_veg,48
C136,10,P42,food,48
C136,10,P46,food,48
C136,10,P21,clothes,48
C136,10,P19,clothes,48
C136,10,P20,clothes,48
C136,10,P52,food,48
C136,10,P49,food,48
C136,10,P51,food,48
C136,10,P59,food,48
C136,10,P43,food,48
C136,10,P39,sweets,48
C136,10,P35,sweets,48
C136,10,P37,sweets,48
C136,10,P62,bws,48
C137,9,P55,food,14
C137,9,P59,food,14
C137,9,P57,food,14
C137,9,P46,food,14
C137,9,P56,food,14
C137,9,P42,food,14
C137,9,P41,food,14
C137,9,P47,food,14
C137,9,P59,food,14
C137,9,P54,food,14
C137,9,P55,food,14
C137,9,P35,sweets,14
C137,9,P40,sweets,14
C137,9,P35,sweets,14
C14,3,P63,bws,24
C14,3,P64,bws,24
C14,3,P31,fruit_veg,24
C14,3,P22,fruit_veg,24
C14,3,P24,fruit_veg,24
C14,3,P33,fruit_veg,24
C14,3,P64,bws,24
C14,3,P61,bws,24
C14,3,P63,bws,24
C14,3,P34,fruit_veg,24
C14,3,P63,bws,24
C14,3,P61,bws,24
C14,3,P63,bws,24
C14,3,P63,bws,24
C14,3,P61,bws,24
C14,3,P62,bws,24
C14,3,P49,food,24
C14,3,P61,bws,24
C14,3,P62,bws,24
C14,3,P50,food,24
C14,3,P45,food,24
C14,3,P61,bws,24
C14,3,P61,bws,24
C14,3,P62,bws,24
C15,6,P24,fruit_veg,20
C15,6,P28,fruit_veg,20
C15,6,P25,fruit_veg,20
C15,6,P45,food,20
C15,6,P56,food,20
C15,6,P59,food,20
C15,6,P29,fruit_veg,20
C15,6,P42,food,20
C15,6,P60,food,20
C15,6,P39,sweets,20
C15,6,P28,fruit_veg,20
C15,6,P22,fruit_veg,20
C15,6,P28,fruit_veg,20
C15,6,P24,fruit_veg,20
C15,6,P28,fruit_veg,20
C15,6,P25,fruit_veg,20
C15,6,P39,sweets,20
C15,6,P37,sweets,20
C15,6,P38,sweets,20
C15,6,P47,food,20
C16,5,P31,fruit_veg,62
C16,5,P24,fruit_veg,62
C16,5,P26,fruit_veg,62
C16,5,P26,fruit_veg,62
C16,5,P28,fruit_veg,62
C16,5,P27,fruit_veg,62
C16,5,P30,fruit_veg,62
C16,5,P26,fruit_veg,62
C16,5,P63,bws,62
C16,5,P25,fruit_veg,62
C16,5,P61,bws,62
C16,5,P64,bws,62
C16,5,P61,bws,62
C16,5,P31,fruit_veg,62
C16,5,P26,fruit_veg,62
C16,5,P24,fruit_veg,62
C16,5,P26,fruit_veg,62
C16,5,P25,fruit_veg,62
C16,5,P29,fruit_veg,62
C16,5,P64,bws,62
C16,5,P61,bws,62
C16,5,P62,bws,62
C16,5,P27,fruit_veg,62
C16,5,P24,fruit_veg,62
C16,5,P62,bws,62
C16,5,P62,bws,62
C16,5,P64,bws,62
C16,5,P29,fruit_veg,62
C16,5,P28,fruit_veg,62
C16,5,P24,fruit_veg,62
C16,5,P34,fruit_veg,62
C16,5,P31,fruit_veg,62
C16,5,P27,fruit_veg,62
C16,5,P27,fruit_veg,62
C16,5,P29,fruit_veg,62
C16,5,P61,bws,62
C16,5,P61,bws,62
C16,5,P26,fruit_veg,62
C16,5,P62,bws,62
C16,5,P25,fruit_veg,62
C16,5,P30,fruit_veg,62
C16,5,P64,bws,62
C16,5,P61,bws,62
C16,5,P61,bws,62
C16,5,P64,bws,62
C16,5,P62,bws,62
C16,5,P62,bws,62
C16,5,P61,bws,62
C16,5,P62,bws,62
C16,5,P62,bws,62
C16,5,P62,bws,62
C16,5,P26,fruit_veg,62
C16,5,P25,fruit_veg,62
C16,5,P34,fruit_veg,62
C16,5,P24,fruit_veg,62
C16,5,P23,fruit_veg,62
C16,5,P31,fruit_veg,62
C16,5,P26,fruit_veg,62
C16,5,P22,fruit_veg,62
C16,5,P30,fruit_veg,62
C16,5,P29,fruit_veg,62
C16,5,P26,fruit_veg,62
C17,2,P27,fruit_veg,26
C17,2,P25,fruit_veg,26
C17,2,P33,fruit_veg,26
C17,2,P25,fruit_veg,26
C17,2,P30,fruit_veg,26
C17,2,P33,fruit_veg,26
C17,2,P62,bws,26
C17,2,P24,fruit_veg,26
C17,2,P23,fruit_veg,26
C17,2,P64,bws,26
C17,2,P64,bws,26
C17,2,P63,bws,26
C17,2,P22,fruit_veg,26
C17,2,P31,fruit_veg,26
C17,2,P32,fruit_veg,26
C17,2,P34,fruit_veg,26
C17,2,P63,bws,26
C17,2,P62,bws,26
C17,2,P61,bws,26
C17,2,P30,fruit_veg,26
C17,2,P62,bws,26
C17,2,P62,bws,26
C17,2,P61,bws,26
C17,2,P27,fruit_veg,26
C17,2,P23,fruit_veg,26
C17,2,P22,fruit_veg,26
C18,8,P57,food,47
C18,8,P46,food,47
C18,8,P57,food,47
C18,8,P24,fruit_veg,47
C18,8,P22,fruit_veg,47
C18,8,P34,fruit_veg,47
C18,8,P29,fruit_veg,47
C18,8,P57,food,47
C18,8,P47,food,47
C18,8,P59,food,47
C18,8,P52,food,47
C18,8,P55,food,47
C18,8,P49,food,47
C18,8,P59,food,47
C18,8,P48,food,47
C18,8,P28,fruit_veg,47
C18,8,P30,fruit_veg,47
C18,8,P23,fruit_veg,47
C18,8,P30,fruit_veg,47
C18,8,P34,fruit_veg,47
C18,8,P27,fruit_veg,47
C18,8,P29,fruit_veg,47
C18,8,P23,fruit_veg,47
C18,8,P41,food,47
C18,8,P58,food,47
C18,8,P41,food,47
C18,8,P34,fruit_veg,47
C18,8,P34,fruit_veg,47
C18,8,P50,food,47
C18,8,P51,food,47
C18,8,P33,fruit_veg,47
C18,8,P31,fruit_veg,47
C18,8,P34,fruit_veg,47
C18,8,P32,fruit_veg,47
C18,8,P27,fruit_veg,47
C18,8,P45,food,47
C18,8,P45,food,47
C18,8,P46,food,47
C18,8,P54,food,47
C18,8,P60,food,47
C18,8,P59,food,47
C18,8,P57,food,47
C18,8,P53,food,47
C18,8,P22,fruit_veg,47
C18,8,P31,fruit_veg,47
C18,8,P33,fruit_veg,47
C18,8,P34,fruit_veg,47
C19,6,P43,food,20
C19,6,P59,food,20
C19,6,P19,clothes,20
C19,6,P19,clothes,20
C19,6,P21,clothes,20
C19,6,P38,sweets,20
C19,6,P29,fruit_veg,20
C19,6,P49,food,20
C19,6,P43,food,20
C19,6,P15,clothes,20
C19,6,P17,clothes,20
C19,6,P14,clothes,20
C19,6,P17,clothes,20
C19,6,P20,clothes,20
C19,6,P16,clothes,20
C19,6,P15,clothes,20
C19,6,P45,food,20
C19,6,P21,clothes,20
C19,6,P13,clothes,20
C19,6,P15,clothes,20
C2,4,P11,house,21
C2,4,P09,house,21
C2,4,P05,house,21
C2,4,P40,sweets,21
C2,4,P40,sweets,21
C2,4,P38,sweets,21
C2,4,P38,sweets,21
C2,4,P35,sweets,21
C2,4,P38,sweets,21
C2,4,P37,sweets,21
C2,4,P51,food,21
C2,4,P36,sweets,21
C2,4,P37,sweets,21
C2,4,P35,sweets,21
C2,4,P44,food,21
C2,4,P49,food,21
C2,4,P55,food,21
C2,4,P38,sweets,21
C2,4,P35,sweets,21
C2,4,P49,food,21
C2,4,P37,sweets,21
C20,2,P33,fruit_veg,41
C20,2,P22,fruit_veg,41
C20,2,P27,fruit_veg,41
C20,2,P13,clothes,41
C20,2,P13,clothes,41
C20,2,P20,clothes,41
C20,2,P16,clothes,41
C20,2,P20,clothes,41
C20,2,P13,clothes,41
C20,2,P17,clothes,41
C20,2,P35,sweets,41
C20,2,P10,house,41
C20,2,P36,sweets,41
C20,2,P38,sweets,41
C20,2,P35,sweets,41
C20,2,P10,house,41
C20,2,P08,house,41
C20,2,P14,clothes,41
C20,2,P18,clothes,41
C20,2,P13,clothes,41
C20,2,P18,clothes,41
C20,2,P09,house,41
C20,2,P30,fruit_veg,41
C20,2,P25,fruit_veg,41
C20,2,P04,house,41
C20,2,P21,clothes,41
C20,2,P17,clothes,41
C20,2,P18,clothes,41
C20,2,P13,clothes,41
C20,2,P16,clothes,41
C20,2,P37,sweets,41
C20,2,P40,sweets,41
C20,2,P39,sweets,41
C20,2,P12,house,41
C20,2,P37,sweets,41
C20,2,P35,sweets,41
C20,2,P36,sweets,41
C20,2,P03,house,41
C20,2,P21,clothes,41
C20,2,P37,sweets,41
C20,2,P36,sweets,41
C21,5,P22,fruit_veg,57
C21,5,P28,fruit_veg,57
C21,5,P33,fruit_veg,57
C21,5,P35,sweets,57
C21,5,P37,sweets,57
C21,5,P08,house,57
C21,5,P27,fruit_veg,57
C21,5,P24,fruit_veg,57
C21,5,P33,fruit_veg,57
C21,5,P03,house,57
C21,5,P05,house,57
C21,5,P11,house,57
C21,5,P11,house,57
C21,5,P04,house,57
C21,5,P03,house,57
C21,5,P06,house,57
C21,5,P11,house,57
C21,5,P37,sweets,57
C21,5,P40,sweets,57
C21,5,P05,house,57
C21,5,P12,house,57
C21,5,P11,house,57
C21,5,P07,house,57
C21,5,P12,house,57
C21,5,P06,house,57
C21,5,P29,fruit_veg,57
C21,5,P23,fruit_veg,57
C21,5,P34,fruit_veg,57
C21,5,P32,fruit_veg,57
C21,5,P29,fruit_veg,57
C21,5,P33,fruit_veg,57
C21,5,P04,house,57
C21,5,P08,house,57
C21,5,P02,house,57
C21,5,P33,fruit_veg,57
C21,5,P39,sweets,57
C21,5,P36,sweets,57
C21,5,P03,house,57
C21,5,P29,fruit_veg,57
C21,5,P02,house,57
C21,5,P04,house,57
C21,5,P07,house,57
C21,5,P08,house,57
C21,5,P12,house,57
C21,5,P35,sweets,57
C21,5,P12,house,57
C21,5,P07,house,57
C21,5,P28,fruit_veg,57
C21,5,P40,sweets,57
C21,5,P38,sweets,57
C21,5,P08,house,57
C21,5,P01,house,57
C21,5,P09,house,57
C21,5,P08,house,57
C21,5,P39,sweets,57
C21,5,P35,sweets,57
C21,5,P24,fruit_veg,57
C22,1,P08,house,36
C22,1,P12,house,36
C22,1,P11,house,36
C22,1,P49,food,36
C22,1,P48,food,36
C22,1,P10,house,36
C22,1,P04,house,36
C22,1,P07,house,36
C22,1,P08,house,36
C22,1,P09,house,36
C22,1,P45,food,36
C22,1,P50,food,36
C22,1,P57,food,36
C22,1,P52,food,36
C22,1,P08,house,36
C22,1,P02,house,36
C22,1,P12,house,36
C22,1,P06,house,36
C22,1,P42,food,36
C22,1,P55,food,36
C22,1,P43,food,36
C22,1,P50,food,36
C22,1,P06,house,36
C22,1,P06,house,36
C22,1,P43,food,36
C22,1,P42,food,36
C22,1,P03,house,36
C22,1,P10,house,36
C22,1,P06,house,36
C22,1,P05,house,36
C22,1,P04,house,36
C22,1,P12,house,36
C22,1,P11,house,36
C22,1,P01,house,36
C22,1,P03,house,36
C22,1,P43,food,36
C23,10,P61,bws,38
C23,10,P61,bws,38
C23,10,P61,bws,38
C23,10,P61,bws,38
C23,10,P55,food,38
C23,10,P60,food,38
C23,10,P61,bws,38
C23,10,P63,bws,38
C23,10,P13,clothes,38
C23,10,P61,bws,38
C23,10,P61,bws,38
C23,10,P64,bws,38
C23,10,P51,food,38
C23,10,P56,food,38
C23,10,P14,clothes,38
C23,10,P18,clothes,38
C23,10,P48,food,38
C23,10,P60,food,38
C23,10,P42,food,38
C23,10,P64,bws,38
C23,10,P61,bws,38
C23,10,P63,bws,38
C23,10,P17,clothes,38
C23,10,P21,clothes,38
C23,10,P19,clothes,38
C23,10,P13,clothes,38
C23,10,P61,bws,38
C23,10,P62,bws,38
C23,10,P64,bws,38
C23,10,P63,bws,38
C23,10,P61,bws,38
C23,10,P61,bws,38
C23,10,P62,bws,38
C23,10,P62,bws,38
C23,10,P63,bws,38
C23,10,P47,food,38
C23,10,P21,clothes,38
C23,10,P42,food,38
C24,6,P36,sweets,66
C24,6,P38,sweets,66
C24,6,P36,sweets,66
C24,6,P37,sweets,66
C24,6,P38,sweets,66
C24,6,P40,sweets,66
C24,6,P40,sweets,66
C24,6,P35,sweets,66
C24,6,P36,sweets,66
C24,6,P37,sweets,66
C24,6,P38,sweets,66
C24,6,P39,sweets,66
C24,6,P40,sweets,66
C24,6,P39,sweets,66
C24,6,P39,sweets,66
C24,6,P35,sweets,66
C24,6,P36,sweets,66
C24,6,P35,sweets,66
C24,6,P35,sweets,66
C24,6,P35,sweets,66
C24,6,P35,sweets,66
C24,6,P39,sweets,66
C24,6,P37,sweets,66
C24,6,P40,sweets,66
C24,6,P40,sweets,66
C24,6,P40,sweets,66
C24,6,P35,sweets,66
C24,6,P40,sweets,66
C24,6,P37,sweets,66
C24,6,P38,sweets,66
C24,6,P40,sweets,66
C24,6,P40,sweets,66
C24,6,P39,sweets,66
C24,6,P39,sweets,66
C24,6,P37,sweets,66
C24,6,P38,sweets,66
C24,6,P36,sweets,66
C24,6,P35,sweets,66
C24,6,P37,sweets,66
C24,6,P37,sweets,66
C24,6,P38,sweets,66
C24,6,P35,sweets,66
C24,6,P38,sweets,66
C24,6,P39,sweets,66
C24,6,P38,sweets,66
C24,6,P40,sweets,66
C24,6,P37,sweets,66
C24,6,P37,sweets,66
C24,6,P38,sweets,66
C24,6,P37,sweets,66
C24,6,P39,sweets,66
C24,6,P39,sweets,66
C24,6,P38,sweets,66
C24,6,P37,sweets,66
C24,6,P38,sweets,66
C24,6,P36,sweets,66
C24,6,P36,sweets,66
C24,6,P37,sweets,66
C24,6,P36,sweets,66
C24,6,P35,sweets,66
C24,6,P35,sweets,66
C24,6,P37,sweets,66
C24,6,P39,sweets,66
C24,6,P37,sweets,66
C24,6,P36,sweets,66
C24,6,P39,sweets,66
C25,9,P52,food,15
C25,9,P49,food,15
C25,9,P61,bws,15
C25,9,P64,bws,15
C25,9,P42,food,15
C25,9,P63,bws,15
C25,9,P63,bws,15
C25,9,P63,bws,15
C25,9,P63,bws,15
C25,9,P63,bws,15
C25,9,P54,food,15
C25,9,P41,food,15
C25,9,P47,food,15
C25,9,P45,food,15
C25,9,P64,bws,15
C26,1,P36,sweets,16
C26,1,P36,sweets,16
C26,1,P01,house,16
C26,1,P07,house,16
C26,1,P01,house,16
C26,1,P35,sweets,16
C26,1,P35,sweets,16
C26,1,P38,sweets,16
C26,1,P39,sweets,16
C26,1,P35,sweets,16
C26,1,P35,sweets,16
C26,1,P35,sweets,16
C26,1,P05,house,16
C26,1,P11,house,16
C26,1,P09,house,16
C26,1,P03,house,16
C27,10,P03,house,61
C27,10,P08,house,61
C27,10,P05,house,61
C27,10,P04,house,61
C27,10,P04,house,61
C27,10,P12,house,61
C27,10,P05,house,61
C27,10,P08,house,61
C27,10,P09,house,61
C27,10,P08,house,61
C27,10,P05,house,61
C27,10,P03,house,61
C27,10,P10,house,61
C27,10,P06,house,61
C27,10,P10,house,61
C27,10,P12,house,61
C27,10,P07,house,61
C27,10,P04,house,61
C27,10,P06,house,61
C27,10,P01,house,61
C27,10,P12,house,61
C27,10,P02,house,61
C27,10,P04,house,61
C27,10,P12,house,61
C27,10,P02,house,61
C27,10,P08,house,61
C27,10,P08,house,61
C27,10,P03,house,61
C27,10,P07,house,61
C27,10,P10,house,61
C27,10,P07,house,61
C27,10,P12,house,61
C27,10,P02,house,61
C27,10,P05,house,61
C27,10,P11,house,61
C27,10,P05,house,61
C27,10,P07,house,61
C27,10,P10,house,61
C27,10,P11,house,61
C27,10,P09,house,61
C27,10,P09,house,61
C27,10,P07,house,61
C27,10,P10,house,61
C27,10,P08,house,61
C27,10,P11,house,61
C27,10,P11,house,61
C27,10,P08,house,61
C27,10,P01,house,61
C27,10,P05,house,61
C27,10,P06,house,61
C27,10,P05,house,61
C27,10,P02,house,61
C27,10,P06,house,61
C27,10,P03,house,61
C27,10,P03,house,61
C27,10,P10,house,61
C27,10,P10,house,61
C27,10,P04,house,61
C27,10,P04,house,61
C27,10,P05,house,61
C27,10,P09,house,61
C28,3,P50,food,23
C28,3,P46,food,23
C28,3,P47,food,23
C28,3,P48,food,23
C28,3,P01,house,23
C28,3,P05,house,23
C28,3,P04,house,23
C28,3,P05,house,23
C28,3,P06,house,23
C28,3,P09,house,23
C28,3,P60,food,23
C28,3,P34,fruit_veg,23
C28,3,P02,house,23
C28,3,P09,house,23
C28,3,P23,fruit_veg,23
C28,3,P33,fruit_veg,23
C28,3,P25,fruit_veg,23
C28,3,P54,food,23
C28,3,P45,food,23
C28,3,P33,fruit_veg,23
C28,3,P08,house,23
C28,3,P02,house,23
C28,3,P12,house,23
C29,7,P08,house,62
C29,7,P12,house,62
C29,7,P07,house,62
C29,7,P28,fruit_veg,62
C29,7,P25,fruit_veg,62
C29,7,P33,fruit_veg,62
C29,7,P06,house,62
C29,7,P47,food,62
C29,7,P54,food,62
C29,7,P23,fruit_veg,62
C29,7,P29,fruit_veg,62
C29,7,P30,fruit_veg,62
C29,7,P05,house,62
C29,7,P37,sweets,62
C29,7,P38,sweets,62
C29,7,P47,food,62
C29,7,P57,food,62
C29,7,P49,food,62
C29,7,P34,fruit_veg,62
C29,7,P27,fruit_veg,62
C29,7,P23,fruit_veg,62
C29,7,P28,fruit_veg,62
C29,7,P35,sweets,62
C29,7,P39,sweets,62
C29,7,P53,food,62
C29,7,P57,food,62
C29,7,P25,fruit_veg,62
C29,7,P30,fruit_veg,62
C29,7,P23,fruit_veg,62
C29,7,P27,fruit_veg,62
C29,7,P29,fruit_veg,62
C29,7,P13,clothes,62
C29,7,P14,clothes,62
C29,7,P14,clothes,62
C29,7,P16,clothes,62
C29,7,P01,house,62
C29,7,P22,fruit_veg,62
C29,7,P27,fruit_veg,62
C29,7,P33,fruit_veg,62
C29,7,P19,clothes,62
C29,7,P17,clothes,62
C29,7,P18,clothes,62
C29,7,P17,clothes,62
C29,7,P29,fruit_veg,62
C29,7,P19,clothes,62
C29,7,P16,clothes,62
C29,7,P13,clothes,62
C29,7,P43,food,62
C29,7,P55,food,62
C29,7,P36,sweets,62
C29,7,P37,sweets,62
C29,7,P39,sweets,62
C29,7,P18,clothes,62
C29,7,P32,fruit_veg,62
C29,7,P25,fruit_veg,62
C29,7,P32,fruit_veg,62
C29,7,P60,food,62
C29,7,P48,food,62
C29,7,P41,food,62
C29,7,P09,house,62
C29,7,P06,house,62
C29,7,P36,sweets,62
C3,8,P42,food,45
C3,8,P52,food,45
C3,8,P57,food,45
C3,8,P58,food,45
C3,8,P48,food,45
C3,8,P53,food,45
C3,8,P47,food,45
C3,8,P59,food,45
C3,8,P52,food,45
C3,8,P46,food,45
C3,8,P48,food,45
C3,8,P44,food,45
C3,8,P52,food,45
C3,8,P47,food,45
C3,8,P53,food,45
C3,8,P48,food,45
C3,8,P47,food,45
C3,8,P42,food,45
C3,8,P51,food,45
C3,8,P41,food,45
C3,8,P54,food,45
C3,8,P51,food,45
C3,8,P57,food,45
C3,8,P54,food,45
C3,8,P57,food,45
C3,8,P50,food,45
C3,8,P56,food,45
C3,8,P56,food,45
C3,8,P52,food,45
C3,8,P53,food,45
C3,8,P55,food,45
C3,8,P58,food,45
C3,8,P46,food,45
C3,8,P50,food,45
C3,8,P45,food,45
C3,8,P60,food,45
C3,8,P53,food,45
C3,8,P45,food,45
C3,8,P59,food,45
C3,8,P55,food,45
C3,8,P60,food,45
C3,8,P60,food,45
C3,8,P57,food,45
C3,8,P43,food,45
C3,8,P47,food,45
C30,4,P38,sweets,63
C30,4,P35,sweets,63
C30,4,P35,sweets,63
C30,4,P33,fruit_veg,63
C30,4,P31,fruit_veg,63
C30,4,P32,fruit_veg,63
C30,4,P39,sweets,63
C30,4,P39,sweets,63
C30,4,P40,sweets,63
C30,4,P36,sweets,63
C30,4,P38,sweets,63
C30,4,P37,sweets,63
C30,4,P26,fruit_veg,63
C30,4,P23,fruit_veg,63
C30,4,P31,fruit_veg,63
C30,4,P27,fruit_veg,63
C30,4,P22,fruit_veg,63
C30,4,P25,fruit_veg,63
C30,4,P35,sweets,63
C30,4,P39,sweets,63
C30,4,P28,fruit_veg,63
C30,4,P27,fruit_veg,63
C30,4,P25,fruit_veg,63
C30,4,P33,fruit_veg,63
C30,4,P24,fruit_veg,63
C30,4,P28,fruit_veg,63
C30,4,P23,fruit_veg,63
C30,4,P29,fruit_veg,63
C30,4,P24,fruit_veg,63
C30,4,P35,sweets,63
C30,4,P39,sweets,63
C30,4,P36,sweets,63
C30,4,P30,fruit_veg,63
C30,4,P33,fruit_veg,63
C30,4,P27,fruit_veg,63
C30,4,P30,fruit_veg,63
C30,4,P26,fruit_veg,63
C30,4,P40,sweets,63
C30,4,P36,sweets,63
C30,4,P24,fruit_veg,63
C30,4,P30,fruit_veg,63
C30,4,P28,fruit_veg,63
C30,4,P23,fruit_veg,63
C30,4,P32,fruit_veg,63
C30,4,P28,fruit_veg,63
C30,4,P24,fruit_veg,63
C30,4,P24,fruit_veg,63
C30,4,P23,fruit_veg,63
C30,4,P33,fruit_veg,63
C30,4,P31,fruit_veg,63
C30,4,P29,fruit_veg,63
C30,4,P28,fruit_veg,63
C30,4,P30,fruit_veg,63
C30,4,P24,fruit_veg,63
C30,4,P28,fruit_veg,63
C30,4,P25,fruit_veg,63
C30,4,P36,sweets,63
C30,4,P36,sweets,63
C30,4,P32,fruit_veg,63
C30,4,P31,fruit_veg,63
C30,4,P26,fruit_veg,63
C30,4,P36,sweets,63
C30,4,P35,sweets,63
C31,9,P10,house,18
C31,9,P01,house,18
C31,9,P28,fruit_veg,18
C31,9,P06,house,18
C31,9,P11,house,18
C31,9,P23,fruit_veg,18
C31,9,P30,fruit_veg,18
C31,9,P06,house,18
C31,9,P10,house,18
C31,9,P01,house,18
C31,9,P09,house,18
C31,9,P03,house,18
C31,9,P12,house,18
C31,9,P03,house,18
C31,9,P22,fruit_veg,18
C31,9,P30,fruit_veg,18
C31,9,P22,fruit_veg,18
C31,9,P30,fruit_veg,18
C32,3,P26,fruit_veg,18
C32,3,P29,fruit_veg,18
C32,3,P31,fruit_veg,18
C32,3,P34,fruit_veg,18
C32,3,P28,fruit_veg,18
C32,3,P30,fruit_veg,18
C32,3,P34,fruit_veg,18
C32,3,P22,fruit_veg,18
C32,3,P27,fruit_veg,18
C32,3,P34,fruit_veg,18
C32,3,P32,fruit_veg,18
C32,3,P28,fruit_veg,18
C32,3,P24,fruit_veg,18
C32,3,P25,fruit_veg,18
C32,3,P31,fruit_veg,18
C32,3,P30,fruit_veg,18
C32,3,P22,fruit_veg,18
C32,3,P31,fruit_veg,18
C33,5,P42,food,33
C33,5,P35,sweets,33
C33,5,P39,sweets,33
C33,5,P42,food,33
C33,5,P52,food,33
C33,5,P63,bws,33
C33,5,P61,bws,33
C33,5,P61,bws,33
C33,5,P39,sweets,33
C33,5,P20,clothes,33
C33,5,P19,clothes,33
C33,5,P45,food,33
C33,5,P60,food,33
C33,5,P58,food,33
C33,5,P36,sweets,33
C33,5,P37,sweets,33
C33,5,P37,sweets,33
C33,5,P31,fruit_veg,33
C33,5,P23,fruit_veg,33
C33,5,P54,food,33
C33,5,P52,food,33
C33,5,P35,sweets,33
C33,5,P31,fruit_veg,33
C33,5,P37,sweets,33
C33,5,P62,bws,33
C33,5,P61,bws,33
C33,5,P13,clothes,33
C33,5,P37,sweets,33
C33,5,P36,sweets,33
C33,5,P37,sweets,33
C33,5,P35,sweets,33
C33,5,P38,sweets,33
C33,5,P38,sweets,33
C34,3,P18,clothes,20
C34,3,P21,clothes,20
C34,3,P21,clothes,20
C34,3,P20,clothes,20
C34,3,P14,clothes,20
C34,3,P15,clothes,20
C34,3,P13,clothes,20
C34,3,P17,clothes,20
C34,3,P14,clothes,20
C34,3,P13,clothes,20
C34,3,P16,clothes,20
C34,3,P19,clothes,20
C34,3,P19,clothes,20
C34,3,P17,clothes,20
C34,3,P20,clothes,20
C34,3,P20,clothes,20
C34,3,P18,clothes,20
C34,3,P13,clothes,20
C34,3,P15,clothes,20
C34,3,P17,clothes,20
C35,7,P29,fruit_veg,21
C35,7,P51,food,21
C35,7,P58,food,21
C35,7,P57,food,21
C35,7,P45,food,21
C35,7,P43,food,21
C35,7,P29,fruit_veg,21
C35,7,P34,fruit_veg,21
C35,7,P27,fruit_veg,21
C35,7,P57,food,21
C35,7,P47,food,21
C35,7,P32,fruit_veg,21
C35,7,P32,fruit_veg,21
C35,7,P34,fruit_veg,21
C35,7,P22,fruit_veg,21
C35,7,P22,fruit_veg,21
C35,7,P43,food,21
C35,7,P50,food,21
C35,7,P48,food,21
C35,7,P41,food,21
C35,7,P57,food,21
C36,5,P39,sweets,66
C36,5,P37,sweets,66
C36,5,P39,sweets,66
C36,5,P40,sweets,66
C36,5,P35,sweets,66
C36,5,P34,fruit_veg,66
C36,5,P31,fruit_veg,66
C36,5,P27,fruit_veg,66
C36,5,P39,sweets,66
C36,5,P36,sweets,66
C36,5,P27,fruit_veg,66
C36,5,P39,sweets,66
C36,5,P40,sweets,66
C36,5,P22,fruit_veg,66
C36,5,P25,fruit_veg,66
C36,5,P22,fruit_veg,66
C36,5,P60,food,66
C36,5,P53,food,66
C36,5,P46,food,66
C36,5,P54,food,66
C36,5,P50,food,66
C36,5,P38,sweets,66
C36,5,P36,sweets,66
C36,5,P37,sweets,66
C36,5,P37,sweets,66
C36,5,P39,sweets,66
C36,5,P30,fruit_veg,66
C36,5,P36,sweets,66
C36,5,P54,food,66
C36,5,P59,food,66
C36,5,P34,fruit_veg,66
C36,5,P30,fruit_veg,66
C36,5,P29,fruit_veg,66
C36,5,P44,food,66
C36,5,P52,food,66
C36,5,P59,food,66
C36,5,P47,food,66
C36,5,P35,sweets,66
C36,5,P36,sweets,66
C36,5,P36,sweets,66
C36,5,P40,sweets,66
C36,5,P36,sweets,66
C36,5,P40,sweets,66
C36,5,P40,sweets,66
C36,5,P35,sweets,66
C36,5,P38,sweets,66
C36,5,P36,sweets,66
C36,5,P38,sweets,66
C36,5,P36,sweets,66
C36,5,P35,sweets,66
C36,5,P53,food,66
C36,5,P42,food,66
C36,5,P36,sweets,66
C36,5,P35,sweets,66
C36,5,P37,sweets,66
C36,5,P34,fruit_veg,66
C36,5,P42,food,66
C36,5,P32,fruit_veg,66
C36,5,P29,fruit_veg,66
C36,5,P22,fruit_veg,66
C36,5,P52,food,66
C36,5,P52,food,66
C36,5,P24,fruit_veg,66
C36,5,P39,sweets,66
C36,5,P39,sweets,66
C36,5,P39,sweets,66
C37,9,P21,clothes,34
C37,9,P61,bws,34
C37,9,P61,bws,34
C37,9,P64,bws,34
C37,9,P61,bws,34
C37,9,P57,food,34
C37,9,P43,food,34
C37,9,P64,bws,34
C37,9,P62,bws,34
C37,9,P63,bws,34
C37,9,P64,bws,34
C37,9,P49,food,34
C37,9,P64,bws,34
C37,9,P63,bws,34
C37,9,P62,bws,34
C37,9,P61,bws,34
C37,9,P63,bws,34
C37,9,P15,clothes,34
C37,9,P13,clothes,34
C37,9,P14,clothes,34
C37,9,P19,clothes,34
C37,9,P14,clothes,34
C37,9,P20,clothes,34
C37,9,P44,food,34
C37,9,P44,food,34
C37,9,P61,bws,34
C37,9,P13,clothes,34
C37,9,P16,clothes,34
C37,9,P17,clothes,34
C37,9,P44,food,34
C37,9,P51,food,34
C37,9,P45,food,34
C37,9,P62,bws,34
C37,9,P63,bws,34
C38,7,P28,fruit_veg,18
C38,7,P38,sweets,18
C38,7,P37,sweets,18
C38,7,P40,sweets,18
C38,7,P35,sweets,18
C38,7,P56,food,18
C38,7,P52,food,18
C38,7,P35,sweets,18
C38,7,P39,sweets,18
C38,7,P36,sweets,18
C38,7,P30,fruit_veg,18
C38,7,P28,fruit_veg,18
C38,7,P23,fruit_veg,18
C38,7,P28,fruit_veg,18
C38,7,P24,fruit_veg,18
C38,7,P28,fruit_veg,18
C38,7,P26,fruit_veg,18
C38,7,P40,sweets,18
C39,2,P61,bws,62
C39,2,P64,bws,62
C39,2,P61,bws,62
C39,2,P63,bws,62
C39,2,P63,bws,62
C39,2,P62,bws,62
C39,2,P64,bws,62
C39,2,P38,sweets,62
C39,2,P26,fruit_veg,62
C39,2,P31,fruit_veg,62
C39,2,P37,sweets,62
C39,2,P38,sweets,62
C39,2,P38,sweets,62
C39,2,P31,fruit_veg,62
C39,2,P34,fruit_veg,62
C39,2,P40,sweets,62
C39,2,P35,sweets,62
C39,2,P35,sweets,62
C39,2,P62,bws,62
C39,2,P63,bws,62
C39,2,P63,bws,62
C39,2,P63,bws,62
C39,2,P63,bws,62
C39,2,P38,sweets,62
C39,2,P40,sweets,62
C39,2,P35,sweets,62
C39,2,P35,sweets,62
C39,2,P35,sweets,62
C39,2,P36,sweets,62
C39,2,P61,bws,62
C39,2,P64,bws,62
C39,2,P61,bws,62
C39,2,P23,fruit_veg,62
C39,2,P25,fruit_veg,62
C39,2,P25,fruit_veg,62
C39,2,P37,sweets,62
C39,2,P35,sweets,62
C39,2,P39,sweets,62
C39,2,P64,bws,62
C39,2,P64,bws,62
C39,2,P26,fruit_veg,62
C39,2,P27,fruit_veg,62
C39,2,P64,bws,62
C39,2,P64,bws,62
C39,2,P64,bws,62
C39,2,P32,fruit_veg,62
C39,2,P29,fruit_veg,62
C39,2,P23,fruit_veg,62
C39,2,P64,bws,62
C39,2,P40,sweets,62
C39,2,P36,sweets,62
C39,2,P25,fruit_veg,62
C39,2,P30,fruit_veg,62
C39,2,P27,fruit_veg,62
C39,2,P24,fruit_veg,62
C39,2,P36,sweets,62
C39,2,P36,sweets,62
C39,2,P36,sweets,62
C39,2,P38,sweets,62
C39,2,P39,sweets,62
C39,2,P33,fruit_veg,62
C39,2,P33,fruit_veg,62
C4,5,P37,sweets,36
C4,5,P61,bws,36
C4,5,P64,bws,36
C4,5,P63,bws,36
C4,5,P61,bws,36
C4,5,P64,bws,36
C4,5,P29,fruit_veg,36
C4,5,P49,food,36
C4,5,P61,bws,36
C4,5,P63,bws,36
C4,5,P40,sweets,36
C4,5,P35,sweets,36
C4,5,P38,sweets,36
C4,5,P38,sweets,36
C4,5,P27,fruit_veg,36
C4,5,P38,sweets,36
C4,5,P38,sweets,36
C4,5,P39,sweets,36
C4,5,P61,bws,36
C4,5,P35,sweets,36
C4,5,P61,bws,36
C4,5,P63,bws,36
C4,5,P63,bws,36
C4,5,P48,food,36
C4,5,P53,food,36
C4,5,P60,food,36
C4,5,P36,sweets,36
C4,5,P37,sweets,36
C4,5,P35,sweets,36
C4,5,P58,food,36
C4,5,P57,food,36
C4,5,P44,food,36
C4,5,P37,sweets,36
C4,5,P38,sweets,36
C4,5,P39,sweets,36
C4,5,P37,sweets,36
C40,4,P22,fruit_veg,43
C40,4,P31,fruit_veg,43
C40,4,P31,fruit_veg,43
C40,4,P25,fruit_veg,43
C40,4,P32,fruit_veg,43
C40,4,P26,fruit_veg,43
C40,4,P33,fruit_veg,43
C40,4,P26,fruit_veg,43
C40,4,P25,fruit_veg,43
C40,4,P31,fruit_veg,43
C40,4,P34,fruit_veg,43
C40,4,P22,fruit_veg,43
C40,4,P23,fruit_veg,43
C40,4,P30,fruit_veg,43
C40,4,P33,fruit_veg,43
C40,4,P23,fruit_veg,43
C40,4,P24,fruit_veg,43
C40,4,P34,fruit_veg,43
C40,4,P33,fruit_veg,43
C40,4,P26,fruit_veg,43
C40,4,P34,fruit_veg,43
C40,4,P32,fruit_veg,43
C40,4,P30,fruit_veg,43
C40,4,P26,fruit_veg,43
C40,4,P33,fruit_veg,43
C40,4,P27,fruit_veg,43
C40,4,P30,fruit_veg,43
C40,4,P33,fruit_veg,43
C40,4,P30,fruit_veg,43
C40,4,P25,fruit_veg,43
C40,4,P24,fruit_veg,43
C40,4,P33,fruit_veg,43
C40,4,P30,fruit_veg,43
C40,4,P33,fruit_veg,43
C40,4,P30,fruit_veg,43
C40,4,P24,fruit_veg,43
C40,4,P28,fruit_veg,43
C40,4,P31,fruit_veg,43
C40,4,P27,fruit_veg,43
C40,4,P30,fruit_veg,43
C40,4,P24,fruit_veg,43
C40,4,P23,fruit_veg,43
C40,4,P34,fruit_veg,43
C41,9,P28,fruit_veg,14
C41,9,P29,fruit_veg,14
C41,9,P30,fruit_veg,14
C41,9,P25,fruit_veg,14
C41,9,P63,bws,14
C41,9,P64,bws,14
C41,9,P64,bws,14
C41,9,P34,fruit_veg,14
C41,9,P32,fruit_veg,14
C41,9,P26,fruit_veg,14
C41,9,P33,fruit_veg,14
C41,9,P64,bws,14
C41,9,P62,bws,14
C41,9,P62,bws,14
C42,2,P35,sweets,44
C42,2,P40,sweets,44
C42,2,P37,sweets,44
C42,2,P38,sweets,44
C42,2,P38,sweets,44
C42,2,P36,sweets,44
C42,2,P35,sweets,44
C42,2,P39,sweets,44
C42,2,P39,sweets,44
C42,2,P36,sweets,44
C42,2,P39,sweets,44
C42,2,P36,sweets,44
C42,2,P36,sweets,44
C42,2,P40,sweets,44
C42,2,P37,sweets,44
C42,2,P40,sweets,44
C42,2,P40,sweets,44
C42,2,P39,sweets,44
C42,2,P40,sweets,44
C42,2,P39,sweets,44
C42,2,P40,sweets,44
C42,2,P36,sweets,44
C42,2,P35,sweets,44
C42,2,P39,sweets,44
C42,2,P38,sweets,44
C42,2,P37,sweets,44
C42,2,P37,sweets,44
C42,2,P38,sweets,44
C42,2,P37,sweets,44
C42,2,P35,sweets,44
C42,2,P40,sweets,44
C42,2,P35,sweets,44
C42,2,P37,sweets,44
C42,2,P40,sweets,44
C42,2,P37,sweets,44
C42,2,P40,sweets,44
C42,2,P38,sweets,44
C42,2,P35,sweets,44
C42,2,P37,sweets,44
C42,2,P40,sweets,44
C42,2,P38,sweets,44
C42,2,P39,sweets,44
C42,2,P36,sweets,44
C42,2,P38,sweets,44
C43,10,P41,food,64
C43,10,P58,food,64
C43,10,P26,fruit_veg,64
C43,10,P54,food,64
C43,10,P45,food,64
C43,10,P60,food,64
C43,10,P30,fruit_veg,64
C43,10,P29,fruit_veg,64
C43,10,P39,sweets,64
C43,10,P54,food,64
C43,10,P42,food,64
C43,10,P53,food,64
C43,10,P56,food,64
C43,10,P57,food,64
C43,10,P48,food,64
C43,10,P60,food,64
C43,10,P27,fruit_veg,64
C43,10,P32,fruit_veg,64
C43,10,P23,fruit_veg,64
C43,10,P36,sweets,64
C43,10,P58,food,64
C43,10,P44,food,64
C43,10,P36,sweets,64
C43,10,P37,sweets,64
C43,10,P36,sweets,64
C43,10,P28,fruit_veg,64
C43,10,P31,fruit_veg,64
C43,10,P24,fruit_veg,64
C43,10,P24,fruit_veg,64
C43,10,P30,fruit_veg,64
C43,10,P39,sweets,64
C43,10,P38,sweets,64
C43,10,P35,sweets,64
C43,10,P40,sweets,64
C43,10,P38,sweets,64
C43,10,P39,sweets,64
C43,10,P42,food,64
C43,10,P60,food,64
C43,10,P25,fruit_veg,64
C43,10,P25,fruit_veg,64
C43,10,P34,fruit_veg,64
C43,10,P36,sweets,64
C43,10,P56,food,64
C43,10,P56,food,64
C43,10,P50,food,64
C43,10,P37,sweets,64
C43,10,P59,food,64
C43,10,P54,food,64
C43,10,P48,food,64
C43,10,P32,fruit_veg,64
C43,10,P23,fruit_veg,64
C43,10,P25,fruit_veg,64
C43,10,P36,sweets,64
C43,10,P40,sweets,64
C43,10,P36,sweets,64
C43,10,P50,food,64
C43,10,P52,food,64
C43,10,P23,fruit_veg,64
C43,10,P28,fruit_veg,64
C43,10,P25,fruit_veg,64
C43,10,P40,sweets,64
C43,10,P36,sweets,64
C43,10,P54,food,64
C43,10,P54,food,64
C44,9,P35,sweets,39
C44,9,P40,sweets,39
C44,9,P35,sweets,39
C44,9,P36,sweets,39
C44,9,P35,sweets,39
C44,9,P37,sweets,39
C44,9,P38,sweets,39
C44,9,P40,sweets,39
C44,9,P39,sweets,39
C44,9,P37,sweets,39
C44,9,P40,sweets,39
C44,9,P54,food,39
C44,9,P53,food,39
C44,9,P53,food,39
C44,9,P43,food,39
C44,9,P53,food,39
C44,9,P53,food,39
C44,9,P39,sweets,39
C44,9,P38,sweets,39
C44,9,P36,sweets,39
C44,9,P37,sweets,39
C44,9,P37,sweets,39
C44,9,P35,sweets,39
C44,9,P35,sweets,39
C44,9,P45,food,39
C44,9,P41,food,39
C44,9,P47,food,39
C44,9,P37,sweets,39
C44,9,P35,sweets,39
C44,9,P35,sweets,39
C44,9,P35,sweets,39
C44,9,P45,food,39
C44,9,P53,food,39
C44,9,P42,food,39
C44,9,P40,sweets,39
C44,9,P35,sweets,39
C44,9,P40,sweets,39
C44,9,P37,sweets,39
C44,9,P36,sweets,39
C45,10,P56,food,23
C45,10,P58,food,23
C45,10,P43,food,23
C45,10,P33,fruit_veg,23
C45,10,P27,fruit_veg,23
C45,10,P59,food,23
C45,10,P53,food,23
C45,10,P48,food,23
C45,10,P55,food,23
C45,10,P52,food,23
C45,10,P55,food,23
C45,10,P56,food,23
C45,10,P44,food,23
C45,10,P50,food,23
C45,10,P52,food,23
C45,10,P29,fruit_veg,23
C45,10,P26,fruit_veg,23
C45,10,P33,fruit_veg,23
C45,10,P29,fruit_veg,23
C45,10,P34,fruit_veg,23
C45,10,P29,fruit_veg,23
C45,10,P25,fruit_veg,23
C45,10,P28,fruit_veg,23
C46,5,P03,house,32
C46,5,P12,house,32
C46,5,P08,house,32
C46,5,P63,bws,32
C46,5,P62,bws,32
C46,5,P63,bws,32
C46,5,P64,bws,32
C46,5,P61,bws,32
C46,5,P61,bws,32
C46,5,P64,bws,32
C46,5,P03,house,32
C46,5,P63,bws,32
C46,5,P63,bws,32
C46,5,P63,bws,32
C46,5,P08,house,32
C46,5,P61,bws,32
C46,5,P63,bws,32
C46,5,P61,bws,32
C46,5,P07,house,32
C46,5,P11,house,32
C46,5,P10,house,32
C46,5,P61,bws,32
C46,5,P62,bws,32
C46,5,P64,bws,32
C46,5,P10,house,32
C46,5,P09,house,32
C46,5,P04,house,32
C46,5,P03,house,32
C46,5,P07,house,32
C46,5,P03,house,32
C46,5,P09,house,32
C46,5,P63,bws,32
C47,2,P61,bws,13
C47,2,P62,bws,13
C47,2,P63,bws,13
C47,2,P63,bws,13
C47,2,P62,bws,13
C47,2,P61,bws,13
C47,2,P64,bws,13
C47,2,P63,bws,13
C47,2,P61,bws,13
C47,2,P20,clothes,13
C47,2,P19,clothes,13
C47,2,P21,clothes,13
C47,2,P62,bws,13
C48,4,P37,sweets,57
C48,4,P35,sweets,57
C48,4,P39,sweets,57
C48,4,P37,sweets,57
C48,4,P40,sweets,57
C48,4,P39,sweets,57
C48,4,P35,sweets,57
C48,4,P38,sweets,57
C48,4,P38,sweets,57
C48,4,P38,sweets,57
C48,4,P37,sweets,57
C48,4,P38,sweets,57
C48,4,P38,sweets,57
C48,4,P35,sweets,57
C48,4,P35,sweets,57
C48,4,P39,sweets,57
C48,4,P40,sweets,57
C48,4,P38,sweets,57
C48,4,P35,sweets,57
C48,4,P39,sweets,57
C48,4,P39,sweets,57
C48,4,P35,sweets,57
C48,4,P36,sweets,57
C48,4,P40,sweets,57
C48,4,P39,sweets,57
C48,4,P38,sweets,57
C48,4,P36,sweets,57
C48,4,P38,sweets,57
C48,4,P35,sweets,57
C48,4,P40,sweets,57
C48,4,P39,sweets,57
C48,4,P40,sweets,57
C48,4,P39,sweets,57
C48,4,P38,sweets,57
C48,4,P38,sweets,57
C48,4,P40,sweets,57
C48,4,P36,sweets,57
C48,4,P37,sweets,57
C48,4,P38,sweets,57
C48,4,P38,sweets,57
C48,4,P40,sweets,57
C48,4,P35,sweets,57
C48,4,P35,sweets,57
C48,4,P37,sweets,57
C48,4,P35,sweets,57
C48,4,P39,sweets,57
C48,4,P40,sweets,57
C48,4,P39,sweets,57
C48,4,P36,sweets,57
C48,4,P37,sweets,57
C48,4,P38,sweets,57
C48,4,P39,sweets,57
C48,4,P37,sweets,57
C48,4,P38,sweets,57
C48,4,P35,sweets,57
C48,4,P40,sweets,57
C48,4,P38,sweets,57
C49,7,P34,fruit_veg,66
C49,7,P46,food,66
C49,7,P59,food,66
C49,7,P55,food,66
C49,7,P34,fruit_veg,66
C49,7,P24,fruit_veg,66
C49,7,P26,fruit_veg,66
C49,7,P51,food,66
C49,7,P48,food,66
C49,7,P57,food,66
C49,7,P32,fruit_veg,66
C49,7,P34,fruit_veg,66
C49,7,P26,fruit_veg,66
C49,7,P22,fruit_veg,66
C49,7,P23,fruit_veg,66
C49,7,P22,fruit_veg,66
C49,7,P26,fruit_veg,66
C49,7,P25,fruit_veg,66
C49,7,P25,fruit_veg,66
C49,7,P25,fruit_veg,66
C49,7,P24,fruit_veg,66
C49,7,P26,fruit_veg,66
C49,7,P24,fruit_veg,66
C49,7,P31,fruit_veg,66
C49,7,P32,fruit_veg,66
C49,7,P24,fruit_veg,66
C49,7,P22,fruit_veg,66
C49,7,P34,fruit_veg,66
C49,7,P31,fruit_veg,66
C49,7,P25,fruit_veg,66
C49,7,P30,fruit_veg,66
C49,7,P30,fruit_veg,66
C49,7,P22,fruit_veg,66
C49,7,P34,fruit_veg,66
C49,7,P24,fruit_veg,66
C49,7,P26,fruit_veg,66
C49,7,P26,fruit_veg,66
C49,7,P24,fruit_veg,66
C49,7,P26,fruit_veg,66
C49,7,P26,fruit_veg,66
C49,7,P23,fruit_veg,66
C49,7,P33,fruit_veg,66
C49,7,P30,fruit_veg,66
C49,7,P23,fruit_veg,66
C49,7,P28,fruit_veg,66
C49,7,P34,fruit_veg,66
C49,7,P26,fruit_veg,66
C49,7,P31,fruit_veg,66
C49,7,P31,fruit_veg,66
C49,7,P61,bws,66
C49,7,P64,bws,66
C49,7,P25,fruit_veg,66
C49,7,P23,fruit_veg,66
C49,7,P26,fruit_veg,66
C49,7,P28,fruit_veg,66
C49,7,P25,fruit_veg,66
C49,7,P46,food,66
C49,7,P52,food,66
C49,7,P48,food,66
C49,7,P24,fruit_veg,66
C49,7,P34,fruit_veg,66
C49,7,P41,food,66
C49,7,P51,food,66
C49,7,P25,fruit_veg,66
C49,7,P23,fruit_veg,66
C49,7,P24,fruit_veg,66
C5,7,P64,bws,44
C5,7,P64,bws,44
C5,7,P64,bws,44
C5,7,P36,sweets,44
C5,7,P40,sweets,44
C5,7,P39,sweets,44
C5,7,P09,house,44
C5,7,P04,house,44
C5,7,P04,house,44
C5,7,P61,bws,44
C5,7,P63,bws,44
C5,7,P62,bws,44
C5,7,P34,fruit_veg,44
C5,7,P30,fruit_veg,44
C5,7,P24,fruit_veg,44
C5,7,P12,house,44
C5,7,P61,bws,44
C5,7,P51,food,44
C5,7,P59,food,44
C5,7,P47,food,44
C5,7,P31,fruit_veg,44
C5,7,P10,house,44
C5,7,P04,house,44
C5,7,P04,house,44
C5,7,P42,food,44
C5,7,P54,food,44
C5,7,P14,clothes,44
C5,7,P18,clothes,44
C5,7,P38,sweets,44
C5,7,P15,clothes,44
C5,7,P20,clothes,44
C5,7,P15,clothes,44
C5,7,P64,bws,44
C5,7,P61,bws,44
C5,7,P18,clothes,44
C5,7,P20,clothes,44
C5,7,P19,clothes,44
C5,7,P20,clothes,44
C5,7,P39,sweets,44
C5,7,P40,sweets,44
C5,7,P36,sweets,44
C5,7,P49,food,44
C5,7,P53,food,44
C5,7,P19,clothes,44
C50,8,P45,food,44
C50,8,P41,food,44
C50,8,P59,food,44
C50,8,P51,food,44
C50,8,P59,food,44
C50,8,P43,food,44
C50,8,P56,food,44
C50,8,P46,food,44
C50,8,P55,food,44
C50,8,P42,food,44
C50,8,P43,food,44
C50,8,P52,food,44
C50,8,P51,food,44
C50,8,P50,food,44
C50,8,P43,food,44
C50,8,P46,food,44
C50,8,P43,food,44
C50,8,P47,food,44
C50,8,P49,food,44
C50,8,P46,food,44
C50,8,P59,food,44
C50,8,P47,food,44
C50,8,P54,food,44
C50,8,P48,food,44
C50,8,P44,food,44
C50,8,P44,food,44
C50,8,P56,food,44
C50,8,P44,food,44
C50,8,P45,food,44
C50,8,P47,food,44
C50,8,P50,food,44
C50,8,P57,food,44
C50,8,P53,food,44
C50,8,P57,food,44
C50,8,P47,food,44
C50,8,P43,food,44
C50,8,P44,food,44
C50,8,P45,food,44
C50,8,P42,food,44
C50,8,P49,food,44
C50,8,P47,food,44
C50,8,P48,food,44
C50,8,P49,food,44
C50,8,P55,food,44
C51,3,P39,sweets,8
C51,3,P40,sweets,8
C51,3,P37,sweets,8
C51,3,P37,sweets,8
C51,3,P38,sweets,8
C51,3,P37,sweets,8
C51,3,P40,sweets,8
C51,3,P39,sweets,8
C52,1,P31,fruit_veg,25
C52,1,P34,fruit_veg,25
C52,1,P53,food,25
C52,1,P04,house,25
C52,1,P05,house,25
C52,1,P02,house,25
C52,1,P26,fruit_veg,25
C52,1,P35,sweets,25
C52,1,P38,sweets,25
C52,1,P38,sweets,25
C52,1,P36,sweets,25
C52,1,P38,sweets,25
C52,1,P39,sweets,25
C52,1,P54,food,25
C52,1,P51,food,25
C52,1,P43,food,25
C52,1,P50,food,25
C52,1,P36,sweets,25
C52,1,P39,sweets,25
C52,1,P24,fruit_veg,25
C52,1,P30,fruit_veg,25
C52,1,P30,fruit_veg,25
C52,1,P10,house,25
C52,1,P12,house,25
C52,1,P01,house,25
C53,4,P61,bws,39
C53,4,P63,bws,39
C53,4,P62,bws,39
C53,4,P35,sweets,39
C53,4,P35,sweets,39
C53,4,P39,sweets,39
C53,4,P35,sweets,39
C53,4,P35,sweets,39
C53,4,P35,sweets,39
C53,4,P35,sweets,39
C53,4,P39,sweets,39
C53,4,P37,sweets,39
C53,4,P37,sweets,39
C53,4,P39,sweets,39
C53,4,P37,sweets,39
C53,4,P23,fruit_veg,39
C53,4,P27,fruit_veg,39
C53,4,P37,sweets,39
C53,4,P37,sweets,39
C53,4,P35,sweets,39
C53,4,P36,sweets,39
C53,4,P63,bws,39
C53,4,P61,bws,39
C53,4,P62,bws,39
C53,4,P35,sweets,39
C53,4,P36,sweets,39
C53,4,P36,sweets,39
C53,4,P37,sweets,39
C53,4,P37,sweets,39
C53,4,P39,sweets,39
C53,4,P64,bws,39
C53,4,P64,bws,39
C53,4,P61,bws,39
C53,4,P64,bws,39
C53,4,P62,bws,39
C53,4,P63,bws,39
C53,4,P64,bws,39
C53,4,P61,bws,39
C53,4,P64,bws,39
C54,2,P32,fruit_veg,25
C54,2,P23,fruit_veg,25
C54,2,P34,fruit_veg,25
C54,2,P34,fruit_veg,25
C54,2,P23,fruit_veg,25
C54,2,P25,fruit_veg,25
C54,2,P32,fruit_veg,25
C54,2,P28,fruit_veg,25
C54,2,P31,fruit_veg,25
C54,2,P32,fruit_veg,25
C54,2,P31,fruit_veg,25
C54,2,P22,fruit_veg,25
C54,2,P22,fruit_veg,25
C54,2,P30,fruit_veg,25
C54,2,P23,fruit_veg,25
C54,2,P29,fruit_veg,25
C54,2,P34,fruit_veg,25
C54,2,P22,fruit_veg,25
C54,2,P26,fruit_veg,25
C54,2,P32,fruit_veg,25
C54,2,P23,fruit_veg,25
C54,2,P30,fruit_veg,25
C54,2,P28,fruit_veg,25
C54,2,P25,fruit_veg,25
C54,2,P25,fruit_veg,25
C55,8,P63,bws,19
C55,8,P63,bws,19
C55,8,P63,bws,19
C55,8,P64,bws,19
C55,8,P61,bws,19
C55,8,P61,bws,19
C55,8,P62,bws,19
C55,8,P62,bws,19
C55,8,P62,bws,19
C55,8,P64,bws,19
C55,8,P61,bws,19
C55,8,P63,bws,19
C55,8,P62,bws,19
C55,8,P61,bws,19
C55,8,P62,bws,19
C55,8,P61,bws,19
C55,8,P61,bws,19
C55,8,P64,bws,19
C55,8,P63,bws,19
C56,4,P22,fruit_veg,37
C56,4,P24,fruit_veg,37
C56,4,P29,fruit_veg,37
C56,4,P23,fruit_veg,37
C56,4,P64,bws,37
C56,4,P62,bws,37
C56,4,P29,fruit_veg,37
C56,4,P29,fruit_veg,37
C56,4,P22,fruit_veg,37
C56,4,P29,fruit_veg,37
C56,4,P25,fruit_veg,37
C56,4,P61,bws,37
C56,4,P26,fruit_veg,37
C56,4,P27,fruit_veg,37
C56,4,P62,bws,37
C56,4,P28,fruit_veg,37
C56,4,P32,fruit_veg,37
C56,4,P22,fruit_veg,37
C56,4,P63,bws,37
C56,4,P63,bws,37
C56,4,P30,fruit_veg,37
C56,4,P64,bws,37
C56,4,P62,bws,37
C56,4,P61,bws,37
C56,4,P24,fruit_veg,37
C56,4,P23,fruit_veg,37
C56,4,P27,fruit_veg,37
C56,4,P63,bws,37
C56,4,P62,bws,37
C56,4,P61,bws,37
C56,4,P33,fruit_veg,37
C56,4,P31,fruit_veg,37
C56,4,P34,fruit_veg,37
C56,4,P27,fruit_veg,37
C56,4,P26,fruit_veg,37
C56,4,P27,fruit_veg,37
C56,4,P25,fruit_veg,37
C57,2,P36,sweets,24
C57,2,P35,sweets,24
C57,2,P40,sweets,24
C57,2,P38,sweets,24
C57,2,P39,sweets,24
C57,2,P38,sweets,24
C57,2,P39,sweets,24
C57,2,P40,sweets,24
C57,2,P40,sweets,24
C57,2,P36,sweets,24
C57,2,P43,food,24
C57,2,P49,food,24
C57,2,P36,sweets,24
C57,2,P37,sweets,24
C57,2,P37,sweets,24
C57,2,P39,sweets,24
C57,2,P39,sweets,24
C57,2,P35,sweets,24
C57,2,P35,sweets,24
C57,2,P35,sweets,24
C57,2,P35,sweets,24
C57,2,P37,sweets,24
C57,2,P39,sweets,24
C57,2,P36,sweets,24
C58,6,P34,fruit_veg,16
C58,6,P23,fruit_veg,16
C58,6,P34,fruit_veg,16
C58,6,P39,sweets,16
C58,6,P59,food,16
C58,6,P55,food,16
C58,6,P59,food,16
C58,6,P05,house,16
C58,6,P37,sweets,16
C58,6,P54,food,16
C58,6,P56,food,16
C58,6,P41,food,16
C58,6,P06,house,16
C58,6,P35,sweets,16
C58,6,P38,sweets,16
C58,6,P32,fruit_veg,16
C59,6,P55,food,56
C59,6,P54,food,56
C59,6,P59,food,56
C59,6,P60,food,56
C59,6,P45,food,56
C59,6,P57,food,56
C59,6,P44,food,56
C59,6,P52,food,56
C59,6,P51,food,56
C59,6,P56,food,56
C59,6,P53,food,56
C59,6,P48,food,56
C59,6,P57,food,56
C59,6,P43,food,56
C59,6,P48,food,56
C59,6,P59,food,56
C59,6,P49,food,56
C59,6,P56,food,56
C59,6,P47,food,56
C59,6,P60,food,56
C59,6,P59,food,56
C59,6,P44,food,56
C59,6,P59,food,56
C59,6,P55,food,56
C59,6,P53,food,56
C59,6,P41,food,56
C59,6,P60,food,56
C59,6,P60,food,56
C59,6,P44,food,56
C59,6,P53,food,56
C59,6,P50,food,56
C59,6,P48,food,56
C59,6,P51,food,56
C59,6,P45,food,56
C59,6,P60,food,56
C59,6,P59,food,56
C59,6,P58,food,56
C59,6,P46,food,56
C59,6,P54,food,56
C59,6,P44,food,56
C59,6,P58,food,56
C59,6,P47,food,56
C59,6,P55,food,56
C59,6,P48,food,56
C59,6,P41,food,56
C59,6,P47,food,56
C59,6,P57,food,56
C59,6,P47,food,56
C59,6,P57,food,56
C59,6,P57,food,56
C59,6,P51,food,56
C59,6,P58,food,56
C59,6,P53,food,56
C59,6,P46,food,56
C59,6,P54,food,56
C59,6,P43,food,56
C6,10,P43,food,49
C6,10,P32,fruit_veg,49
C6,10,P23,fruit_veg,49
C6,10,P30,fruit_veg,49
C6,10,P56,food,49
C6,10,P28,fruit_veg,49
C6,10,P34,fruit_veg,49
C6,10,P24,fruit_veg,49
C6,10,P33,fruit_veg,49
C6,10,P52,food,49
C6,10,P45,food,49
C6,10,P45,food,49
C6,10,P33,fruit_veg,49
C6,10,P41,food,49
C6,10,P52,food,49
C6,10,P60,food,49
C6,10,P34,fruit_veg,49
C6,10,P23,fruit_veg,49
C6,10,P31,fruit_veg,49
C6,10,P56,food,49
C6,10,P60,food,49
C6,10,P60,food,49
C6,10,P41,food,49
C6,10,P47,food,49
C6,10,P51,food,49
C6,10,P47,food,49
C6,10,P41,food,49
C6,10,P25,fruit_veg,49
C6,10,P27,fruit_veg,49
C6,10,P32,fruit_veg,49
C6,10,P46,food,49
C6,10,P34,fruit_veg,49
C6,10,P52,food,49
C6,10,P43,food,49
C6,10,P60,food,49
C6,10,P22,fruit_veg,49
C6,10,P24,fruit_veg,49
C6,10,P27,fruit_veg,49
C6,10,P31,fruit_veg,49
C6,10,P26,fruit_veg,49
C6,10,P33,fruit_veg,49
C6,10,P30,fruit_veg,49
C6,10,P30,fruit_veg,49
C6,10,P48,food,49
C6,10,P56,food,49
C6,10,P57,food,49
C6,10,P33,fruit_veg,49
C6,10,P28,fruit_veg,49
C6,10,P28,fruit_veg,49
C60,10,P41,food,21
C60,10,P51,food,21
C60,10,P53,food,21
C60,10,P47,food,21
C60,10,P63,bws,21
C60,10,P64,bws,21
C60,10,P60,food,21
C60,10,P48,food,21
C60,10,P43,food,21
C60,10,P44,food,21
C60,10,P48,food,21
C60,10,P59,food,21
C60,10,P54,food,21
C60,10,P50,food,21
C60,10,P43,food,21
C60,10,P47,food,21
C60,10,P48,food,21
C60,10,P58,food,21
C60,10,P54,food,21
C60,10,P60,food,21
C60,10,P52,food,21
C61,4,P32,fruit_veg,38
C61,4,P62,bws,38
C61,4,P61,bws,38
C61,4,P26,fruit_veg,38
C61,4,P61,bws,38
C61,4,P61,bws,38
C61,4,P64,bws,38
C61,4,P30,fruit_veg,38
C61,4,P61,bws,38
C61,4,P61,bws,38
C61,4,P61,bws,38
C61,4,P61,bws,38
C61,4,P63,bws,38
C61,4,P63,bws,38
C61,4,P22,fruit_veg,38
C61,4,P25,fruit_veg,38
C61,4,P31,fruit_veg,38
C61,4,P33,fruit_veg,38
C61,4,P61,bws,38
C61,4,P27,fruit_veg,38
C61,4,P61,bws,38
C61,4,P64,bws,38
C61,4,P64,bws,38
C61,4,P26,fruit_veg,38
C61,4,P27,fruit_veg,38
C61,4,P24,fruit_veg,38
C61,4,P31,fruit_veg,38
C61,4,P61,bws,38
C61,4,P26,fruit_veg,38
C61,4,P34,fruit_veg,38
C61,4,P63,bws,38
C61,4,P63,bws,38
C61,4,P61,bws,38
C61,4,P31,fruit_veg,38
C61,4,P26,fruit_veg,38
C61,4,P34,fruit_veg,38
C61,4,P23,fruit_veg,38
C61,4,P23,fruit_veg,38
C62,6,P49,food,64
C62,6,P44,food,64
C62,6,P33,fruit_veg,64
C62,6,P32,fruit_veg,64
C62,6,P25,fruit_veg,64
C62,6,P35,sweets,64
C62,6,P36,sweets,64
C62,6,P38,sweets,64
C62,6,P35,sweets,64
C62,6,P35,sweets,64
C62,6,P40,sweets,64
C62,6,P21,clothes,64
C62,6,P18,clothes,64
C62,6,P36,sweets,64
C62,6,P38,sweets,64
C62,6,P40,sweets,64
C62,6,P15,clothes,64
C62,6,P16,clothes,64
C62,6,P20,clothes,64
C62,6,P59,food,64
C62,6,P47,food,64
C62,6,P45,food,64
C62,6,P30,fruit_veg,64
C62,6,P24,fruit_veg,64
C62,6,P34,fruit_veg,64
C62,6,P13,clothes,64
C62,6,P14,clothes,64
C62,6,P17,clothes,64
C62,6,P45,food,64
C62,6,P35,sweets,64
C62,6,P35,sweets,64
C62,6,P18,clothes,64
C62,6,P26,fruit_veg,64
C62,6,P27,fruit_veg,64
C62,6,P33,fruit_veg,64
C62,6,P31,fruit_veg,64
C62,6,P24,fruit_veg,64
C62,6,P54,food,64
C62,6,P49,food,64
C62,6,P42,food,64
C62,6,P19,clothes,64
C62,6,P21,clothes,64
C62,6,P13,clothes,64
C62,6,P25,fruit_veg,64
C62,6,P51,food,64
C62,6,P37,sweets,64
C62,6,P57,food,64
C62,6,P54,food,64
C62,6,P58,food,64
C62,6,P34,fruit_veg,64
C62,6,P29,fruit_veg,64
C62,6,P60,food,64
C62,6,P37,sweets,64
C62,6,P15,clothes,64
C62,6,P17,clothes,64
C62,6,P14,clothes,64
C62,6,P37,sweets,64
C62,6,P35,sweets,64
C62,6,P40,sweets,64
C62,6,P40,sweets,64
C62,6,P36,sweets,64
C62,6,P28,fruit_veg,64
C62,6,P34,fruit_veg,64
C62,6,P29,fruit_veg,64
C63,2,P39,sweets,13
C63,2,P40,sweets,13
C63,2,P37,sweets,13
C63,2,P38,sweets,13
C63,2,P36,sweets,13
C63,2,P39,sweets,13
C63,2,P37,sweets,13
C63,2,P35,sweets,13
C63,2,P36,sweets,13
C63,2,P38,sweets,13
C63,2,P37,sweets,13
C63,2,P35,sweets,13
C63,2,P38,sweets,13
C64,10,P09,house,9
C64,10,P06,house,9
C64,10,P35,sweets,9
C64,10,P35,sweets,9
C64,10,P36,sweets,9
C64,10,P36,sweets,9
C64,10,P11,house,9
C64,10,P07,house,9
C64,10,P01,house,9
C65,2,P56,food,46
C65,2,P56,food,46
C65,2,P33,fruit_veg,46
C65,2,P31,fruit_veg,46
C65,2,P57,food,46
C65,2,P49,food,46
C65,2,P43,food,46
C65,2,P30,fruit_veg,46
C65,2,P23,fruit_veg,46
C65,2,P31,fruit_veg,46
C65,2,P60,food,46
C65,2,P43,food,46
C65,2,P47,food,46
C65,2,P44,food,46
C65,2,P44,food,46
C65,2,P43,food,46
C65,2,P49,food,46
C65,2,P48,food,46
C65,2,P34,fruit_veg,46
C65,2,P57,food,46
C65,2,P58,food,46
C65,2,P07,house,46
C65,2,P01,house,46
C65,2,P05,house,46
C65,2,P11,house,46
C65,2,P08,house,46
C65,2,P09,house,46
C65,2,P41,food,46
C65,2,P44,food,46
C65,2,P48,food,46
C65,2,P49,food,46
C65,2,P59,food,46
C65,2,P43,food,46
C65,2,P50,food,46
C65,2,P04,house,46
C65,2,P06,house,46
C65,2,P12,house,46
C65,2,P05,house,46
C65,2,P12,house,46
C65,2,P55,food,46
C65,2,P45,food,46
C65,2,P56,food,46
C65,2,P42,food,46
C65,2,P54,food,46
C65,2,P41,food,46
C65,2,P62,bws,46
C66,10,P36,sweets,15
C66,10,P36,sweets,15
C66,10,P38,sweets,15
C66,10,P21,clothes,15
C66,10,P59,food,15
C66,10,P12,house,15
C66,10,P04,house,15
C66,10,P48,food,15
C66,10,P03,house,15
C66,10,P03,house,15
C66,10,P27,fruit_veg,15
C66,10,P32,fruit_veg,15
C66,10,P23,fruit_veg,15
C66,10,P12,house,15
C66,10,P03,house,15
C67,4,P38,sweets,37
C67,4,P36,sweets,37
C67,4,P40,sweets,37
C67,4,P40,sweets,37
C67,4,P40,sweets,37
C67,4,P37,sweets,37
C67,4,P40,sweets,37
C67,4,P37,sweets,37
C67,4,P40,sweets,37
C67,4,P39,sweets,37
C67,4,P37,sweets,37
C67,4,P36,sweets,37
C67,4,P40,sweets,37
C67,4,P37,sweets,37
C67,4,P38,sweets,37
C67,4,P40,sweets,37
C67,4,P36,sweets,37
C67,4,P36,sweets,37
C67,4,P35,sweets,37
C67,4,P35,sweets,37
C67,4,P40,sweets,37
C67,4,P40,sweets,37
C67,4,P39,sweets,37
C67,4,P39,sweets,37
C67,4,P37,sweets,37
C67,4,P39,sweets,37
C67,4,P37,sweets,37
C67,4,P39,sweets,37
C67,4,P35,sweets,37
C67,4,P40,sweets,37
C67,4,P39,sweets,37
C67,4,P40,sweets,37
C67,4,P38,sweets,37
C67,4,P37,sweets,37
C67,4,P35,sweets,37
C67,4,P38,sweets,37
C67,4,P40,sweets,37
C68,8,P49,food,24
C68,8,P49,food,24
C68,8,P49,food,24
C68,8,P39,sweets,24
C68,8,P38,sweets,24
C68,8,P37,sweets,24
C68,8,P40,sweets,24
C68,8,P36,sweets,24
C68,8,P57,food,24
C68,8,P03,house,24
C68,8,P01,house,24
C68,8,P04,house,24
C68,8,P10,house,24
C68,8,P11,house,24
C68,8,P05,house,24
C68,8,P08,house,24
C68,8,P01,house,24
C68,8,P40,sweets,24
C68,8,P39,sweets,24
C68,8,P60,food,24
C68,8,P58,food,24
C68,8,P35,sweets,24
C68,8,P38,sweets,24
C68,8,P37,sweets,24
C69,7,P64,bws,22
C69,7,P62,bws,22
C69,7,P63,bws,22
C69,7,P62,bws,22
C69,7,P63,bws,22
C69,7,P50,food,22
C69,7,P45,food,22
C69,7,P59,food,22
C69,7,P41,food,22
C69,7,P50,food,22
C69,7,P64,bws,22
C69,7,P64,bws,22
C69,7,P59,food,22
C69,7,P51,food,22
C69,7,P54,food,22
C69,7,P41,food,22
C69,7,P43,food,22
C69,7,P63,bws,22
C69,7,P62,bws,22
C69,7,P63,bws,22
C69,7,P42,food,22
C69,7,P47,food,22
C7,3,P06,house,39
C7,3,P06,house,39
C7,3,P53,food,39
C7,3,P57,food,39
C7,3,P58,food,39
C7,3,P60,food,39
C7,3,P48,food,39
C7,3,P43,food,39
C7,3,P44,food,39
C7,3,P49,food,39
C7,3,P43,food,39
C7,3,P59,food,39
C7,3,P48,food,39
C7,3,P42,food,39
C7,3,P58,food,39
C7,3,P06,house,39
C7,3,P03,house,39
C7,3,P41,food,39
C7,3,P53,food,39
C7,3,P55,food,39
C7,3,P51,food,39
C7,3,P43,food,39
C7,3,P53,food,39
C7,3,P45,food,39
C7,3,P44,food,39
C7,3,P59,food,39
C7,3,P55,food,39
C7,3,P50,food,39
C7,3,P46,food,39
C7,3,P59,food,39
C7,3,P56,food,39
C7,3,P38,sweets,39
C7,3,P38,sweets,39
C7,3,P38,sweets,39
C7,3,P40,sweets,39
C7,3,P38,sweets,39
C7,3,P09,house,39
C7,3,P04,house,39
C7,3,P37,sweets,39
C70,9,P60,food,14
C70,9,P49,food,14
C70,9,P53,food,14
C70,9,P55,food,14
C70,9,P46,food,14
C70,9,P54,food,14
C70,9,P47,food,14
C70,9,P52,food,14
C70,9,P59,food,14
C70,9,P14,clothes,14
C70,9,P18,clothes,14
C70,9,P16,clothes,14
C70,9,P37,sweets,14
C70,9,P52,food,14
C71,8,P26,fruit_veg,62
C71,8,P30,fruit_veg,62
C71,8,P25,fruit_veg,62
C71,8,P08,house,62
C71,8,P08,house,62
C71,8,P09,house,62
C71,8,P06,house,62
C71,8,P06,house,62
C71,8,P05,house,62
C71,8,P07,house,62
C71,8,P08,house,62
C71,8,P10,house,62
C71,8,P06,house,62
C71,8,P04,house,62
C71,8,P09,house,62
C71,8,P10,house,62
C71,8,P02,house,62
C71,8,P11,house,62
C71,8,P02,house,62
C71,8,P27,fruit_veg,62
C71,8,P34,fruit_veg,62
C71,8,P23,fruit_veg,62
C71,8,P25,fruit_veg,62
C71,8,P32,fruit_veg,62
C71,8,P32,fruit_veg,62
C71,8,P32,fruit_veg,62
C71,8,P04,house,62
C71,8,P11,house,62
C71,8,P09,house,62
C71,8,P04,house,62
C71,8,P02,house,62
C71,8,P03,house,62
C71,8,P07,house,62
C71,8,P11,house,62
C71,8,P07,house,62
C71,8,P11,house,62
C71,8,P07,house,62
C71,8,P08,house,62
C71,8,P04,house,62
C71,8,P04,house,62
C71,8,P04,house,62
C71,8,P12,house,62
C71,8,P12,house,62
C71,8,P11,house,62
C71,8,P01,house,62
C71,8,P30,fruit_veg,62
C71,8,P31,fruit_veg,62
C71,8,P04,house,62
C71,8,P01,house,62
C71,8,P11,house,62
C71,8,P03,house,62
C71,8,P22,fruit_veg,62
C71,8,P25,fruit_veg,62
C71,8,P23,fruit_veg,62
C71,8,P02,house,62
C71,8,P07,house,62
C71,8,P27,fruit_veg,62
C71,8,P26,fruit_veg,62
C71,8,P05,house,62
C71,8,P10,house,62
C71,8,P10,house,62
C71,8,P09,house,62
C72,5,P26,fruit_veg,26
C72,5,P33,fruit_veg,26
C72,5,P27,fruit_veg,26
C72,5,P51,food,26
C72,5,P60,food,26
C72,5,P44,food,26
C72,5,P22,fruit_veg,26
C72,5,P27,fruit_veg,26
C72,5,P25,fruit_veg,26
C72,5,P26,fruit_veg,26
C72,5,P37,sweets,26
C72,5,P40,sweets,26
C72,5,P37,sweets,26
C72,5,P31,fruit_veg,26
C72,5,P25,fruit_veg,26
C72,5,P39,sweets,26
C72,5,P37,sweets,26
C72,5,P39,sweets,26
C72,5,P36,sweets,26
C72,5,P49,food,26
C72,5,P59,food,26
C72,5,P42,food,26
C72,5,P53,food,26
C72,5,P50,food,26
C72,5,P59,food,26
C72,5,P57,food,26
C73,2,P48,food,57
C73,2,P58,food,57
C73,2,P46,food,57
C73,2,P50,food,57
C73,2,P42,food,57
C73,2,P54,food,57
C73,2,P52,food,57
C73,2,P52,food,57
C73,2,P12,house,57
C73,2,P01,house,57
C73,2,P07,house,57
C73,2,P01,house,57
C73,2,P54,food,57
C73,2,P45,food,57
C73,2,P55,food,57
C73,2,P43,food,57
C73,2,P46,food,57
C73,2,P06,house,57
C73,2,P06,house,57
C73,2,P53,food,57
C73,2,P46,food,57
C73,2,P46,food,57
C73,2,P43,food,57
C73,2,P50,food,57
C73,2,P60,food,57
C73,2,P51,food,57
C73,2,P58,food,57
C73,2,P45,food,57
C73,2,P42,food,57
C73,2,P07,house,57
C73,2,P11,house,57
C73,2,P06,house,57
C73,2,P04,house,57
C73,2,P57,food,57
C73,2,P55,food,57
C73,2,P49,food,57
C73,2,P43,food,57
C73,2,P51,food,57
C73,2,P47,food,57
C73,2,P58,food,57
C73,2,P54,food,57
C73,2,P53,food,57
C73,2,P54,food,57
C73,2,P45,food,57
C73,2,P06,house,57
C73,2,P11,house,57
C73,2,P08,house,57
C73,2,P11,house,57
C73,2,P09,house,57
C73,2,P57,food,57
C73,2,P44,food,57
C73,2,P47,food,57
C73,2,P43,food,57
C73,2,P47,food,57
C73,2,P59,food,57
C73,2,P44,food,57
C73,2,P46,food,57
C74,5,P40,sweets,13
C74,5,P36,sweets,13
C74,5,P64,bws,13
C74,5,P64,bws,13
C74,5,P27,fruit_veg,13
C74,5,P23,fruit_veg,13
C74,5,P34,fruit_veg,13
C74,5,P63,bws,13
C74,5,P61,bws,13
C74,5,P36,sweets,13
C74,5,P36,sweets,13
C74,5,P39,sweets,13
C74,5,P38,sweets,13
C75,8,P34,fruit_veg,19
C75,8,P33,fruit_veg,19
C75,8,P29,fruit_veg,19
C75,8,P34,fruit_veg,19
C75,8,P24,fruit_veg,19
C75,8,P29,fruit_veg,19
C75,8,P25,fruit_veg,19
C75,8,P31,fruit_veg,19
C75,8,P23,fruit_veg,19
C75,8,P22,fruit_veg,19
C75,8,P23,fruit_veg,19
C75,8,P34,fruit_veg,19
C75,8,P34,fruit_veg,19
C75,8,P28,fruit_veg,19
C75,8,P32,fruit_veg,19
C75,8,P31,fruit_veg,19
C75,8,P22,fruit_veg,19
C75,8,P22,fruit_veg,19
C75,8,P26,fruit_veg,19
C76,10,P45,food,13
C76,10,P57,food,13
C76,10,P36,sweets,13
C76,10,P40,sweets,13
C76,10,P39,sweets,13
C76,10,P28,fruit_veg,13
C76,10,P24,fruit_veg,13
C76,10,P37,sweets,13
C76,10,P38,sweets,13
C76,10,P40,sweets,13
C76,10,P35,sweets,13
C76,10,P40,sweets,13
C76,10,P38,sweets,13
C77,9,P36,sweets,18
C77,9,P38,sweets,18
C77,9,P36,sweets,18
C77,9,P04,house,18
C77,9,P11,house,18
C77,9,P28,fruit_veg,18
C77,9,P27,fruit_veg,18
C77,9,P49,food,18
C77,9,P11,house,18
C77,9,P49,food,18
C77,9,P48,food,18
C77,9,P32,fruit_veg,18
C77,9,P22,fruit_veg,18
C77,9,P34,fruit_veg,18
C77,9,P01,house,18
C77,9,P02,house,18
C77,9,P11,house,18
C77,9,P11,house,18
C78,9,P21,clothes,22
C78,9,P21,clothes,22
C78,9,P43,food,22
C78,9,P54,food,22
C78,9,P56,food,22
C78,9,P60,food,22
C78,9,P47,food,22
C78,9,P08,house,22
C78,9,P55,food,22
C78,9,P60,food,22
C78,9,P44,food,22
C78,9,P42,food,22
C78,9,P16,clothes,22
C78,9,P15,clothes,22
C78,9,P59,food,22
C78,9,P01,house,22
C78,9,P52,food,22
C78,9,P59,food,22
C78,9,P43,food,22
C78,9,P44,food,22
C78,9,P54,food,22
C78,9,P54,food,22
C79,1,P30,fruit_veg,42
C79,1,P23,fruit_veg,42
C79,1,P29,fruit_veg,42
C79,1,P32,fruit_veg,42
C79,1,P29,fruit_veg,42
C79,1,P34,fruit_veg,42
C79,1,P31,fruit_veg,42
C79,1,P24,fruit_veg,42
C79,1,P31,fruit_veg,42
C79,1,P31,fruit_veg,42
C79,1,P27,fruit_veg,42
C79,1,P22,fruit_veg,42
C79,1,P26,fruit_veg,42
C79,1,P22,fruit_veg,42
C79,1,P34,fruit_veg,42
C79,1,P23,fruit_veg,42
C79,1,P29,fruit_veg,42
C79,1,P34,fruit_veg,42
C79,1,P26,fruit_veg,42
C79,1,P33,fruit_veg,42
C79,1,P26,fruit_veg,42
C79,1,P27,fruit_veg,42
C79,1,P23,fruit_veg,42
C79,1,P30,fruit_veg,42
C79,1,P23,fruit_veg,42
C79,1,P30,fruit_veg,42
C79,1,P30,fruit_veg,42
C79,1,P27,fruit_veg,42
C79,1,P34,fruit_veg,42
C79,1,P24,fruit_veg,42
C79,1,P32,fruit_veg,42
C79,1,P29,fruit_veg,42
C79,1,P33,fruit_veg,42
C79,1,P26,fruit_veg,42
C79,1,P23,fruit_veg,42
C79,1,P27,fruit_veg,42
C79,1,P27,fruit_veg,42
C79,1,P30,fruit_veg,42
C79,1,P28,fruit_veg,42
C79,1,P23,fruit_veg,42
C79,1,P27,fruit_veg,42
C79,1,P31,fruit_veg,42
C8,7,P57,food,59
C8,7,P30,fruit_veg,59
C8,7,P33,fruit_veg,59
C8,7,P27,fruit_veg,59
C8,7,P30,fruit_veg,59
C8,7,P29,fruit_veg,59
C8,7,P22,fruit_veg,59
C8,7,P45,food,59
C8,7,P48,food,59
C8,7,P48,food,59
C8,7,P27,fruit_veg,59
C8,7,P30,fruit_veg,59
C8,7,P27,fruit_veg,59
C8,7,P30,fruit_veg,59
C8,7,P28,fruit_veg,59
C8,7,P33,fruit_veg,59
C8,7,P37,sweets,59
C8,7,P36,sweets,59
C8,7,P36,sweets,59
C8,7,P36,sweets,59
C8,7,P36,sweets,59
C8,7,P46,food,59
C8,7,P41,food,59
C8,7,P57,food,59
C8,7,P30,fruit_veg,59
C8,7,P22,fruit_veg,59
C8,7,P31,fruit_veg,59
C8,7,P24,fruit_veg,59
C8,7,P37,sweets,59
C8,7,P58,food,59
C8,7,P41,food,59
C8,7,P47,food,59
C8,7,P26,fruit_veg,59
C8,7,P37,sweets,59
C8,7,P35,sweets,59
C8,7,P51,food,59
C8,7,P50,food,59
C8,7,P35,sweets,59
C8,7,P37,sweets,59
C8,7,P23,fruit_veg,59
C8,7,P28,fruit_veg,59
C8,7,P36,sweets,59
C8,7,P27,fruit_veg,59
C8,7,P25,fruit_veg,59
C8,7,P23,fruit_veg,59
C8,7,P34,fruit_veg,59
C8,7,P41,food,59
C8,7,P45,food,59
C8,7,P43,food,59
C8,7,P34,fruit_veg,59
C8,7,P22,fruit_veg,59
C8,7,P34,fruit_veg,59
C8,7,P29,fruit_veg,59
C8,7,P54,food,59
C8,7,P47,food,59
C8,7,P29,fruit_veg,59
C8,7,P34,fruit_veg,59
C8,7,P28,fruit_veg,59
C8,7,P47,food,59
C80,9,P40,sweets,43
C80,9,P30,fruit_veg,43
C80,9,P29,fruit_veg,43
C80,9,P39,sweets,43
C80,9,P39,sweets,43
C80,9,P39,sweets,43
C80,9,P49,food,43
C80,9,P22,fruit_veg,43
C80,9,P32,fruit_veg,43
C80,9,P23,fruit_veg,43
C80,9,P33,fruit_veg,43
C80,9,P31,fruit_veg,43
C80,9,P43,food,43
C80,9,P53,food,43
C80,9,P56,food,43
C80,9,P59,food,43
C80,9,P56,food,43
C80,9,P51,food,43
C80,9,P39,sweets,43
C80,9,P39,sweets,43
C80,9,P57,food,43
C80,9,P32,fruit_veg,43
C80,9,P29,fruit_veg,43
C80,9,P32,fruit_veg,43
C80,9,P24,fruit_veg,43
C80,9,P34,fruit_veg,43
C80,9,P33,fruit_veg,43
C80,9,P37,sweets,43
C80,9,P40,sweets,43
C80,9,P35,sweets,43
C80,9,P42,food,43
C80,9,P50,food,43
C80,9,P53,food,43
C80,9,P48,food,43
C80,9,P37,sweets,43
C80,9,P36,sweets,43
C80,9,P39,sweets,43
C80,9,P35,sweets,43
C80,9,P35,sweets,43
C80,9,P36,sweets,43
C80,9,P37,sweets,43
C80,9,P38,sweets,43
C80,9,P37,sweets,43
C81,7,P25,fruit_veg,56
C81,7,P33,fruit_veg,56
C81,7,P50,food,56
C81,7,P34,fruit_veg,56
C81,7,P32,fruit_veg,56
C81,7,P22,fruit_veg,56
C81,7,P22,fruit_veg,56
C81,7,P57,food,56
C81,7,P60,food,56
C81,7,P43,food,56
C81,7,P58,food,56
C81,7,P30,fruit_veg,56
C81,7,P23,fruit_veg,56
C81,7,P59,food,56
C81,7,P54,food,56
C81,7,P23,fruit_veg,56
C81,7,P26,fruit_veg,56
C81,7,P33,fruit_veg,56
C81,7,P29,fruit_veg,56
C81,7,P23,fruit_veg,56
C81,7,P42,food,56
C81,7,P29,fruit_veg,56
C81,7,P23,fruit_veg,56
C81,7,P22,fruit_veg,56
C81,7,P42,food,56
C81,7,P27,fruit_veg,56
C81,7,P31,fruit_veg,56
C81,7,P29,fruit_veg,56
C81,7,P31,fruit_veg,56
C81,7,P22,fruit_veg,56
C81,7,P51,food,56
C81,7,P58,food,56
C81,7,P59,food,56
C81,7,P43,food,56
C81,7,P51,food,56
C81,7,P48,food,56
C81,7,P44,food,56
C81,7,P59,food,56
C81,7,P56,food,56
C81,7,P53,food,56
C81,7,P52,food,56
C81,7,P33,fruit_veg,56
C81,7,P30,fruit_veg,56
C81,7,P44,food,56
C81,7,P46,food,56
C81,7,P54,food,56
C81,7,P54,food,56
C81,7,P33,fruit_veg,56
C81,7,P23,fruit_veg,56
C81,7,P25,fruit_veg,56
C81,7,P25,fruit_veg,56
C81,7,P29,fruit_veg,56
C81,7,P22,fruit_veg,56
C81,7,P31,fruit_veg,56
C81,7,P22,fruit_veg,56
C81,7,P27,fruit_veg,56
C82,9,P50,food,14
C82,9,P41,food,14
C82,9,P58,food,14
C82,9,P55,food,14
C82,9,P07,house,14
C82,9,P05,house,14
C82,9,P06,house,14
C82,9,P43,food,14
C82,9,P51,food,14
C82,9,P43,food,14
C82,9,P59,food,14
C82,9,P56,food,14
C82,9,P12,house,14
C82,9,P07,house,14
C83,8,P10,house,42
C83,8,P01,house,42
C83,8,P09,house,42
C83,8,P09,house,42
C83,8,P08,house,42
C83,8,P12,house,42
C83,8,P12,house,42
C83,8,P09,house,42
C83,8,P05,house,42
C83,8,P02,house,42
C83,8,P10,house,42
C83,8,P05,house,42
C83,8,P08,house,42
C83,8,P01,house,42
C83,8,P06,house,42
C83,8,P09,house,42
C83,8,P12,house,42
C83,8,P01,house,42
C83,8,P08,house,42
C83,8,P11,house,42
C83,8,P09,house,42
C83,8,P06,house,42
C83,8,P11,house,42
C83,8,P03,house,42
C83,8,P11,house,42
C83,8,P01,house,42
C83,8,P01,house,42
C83,8,P03,house,42
C83,8,P05,house,42
C83,8,P02,house,42
C83,8,P03,house,42
C83,8,P05,house,42
C83,8,P12,house,42
C83,8,P12,house,42
C83,8,P07,house,42
C83,8,P04,house,42
C83,8,P02,house,42
C83,8,P12,house,42
C83,8,P07,house,42
C83,8,P04,house,42
C83,8,P07,house,42
C83,8,P03,house,42
C84,1,P39,sweets,13
C84,1,P40,sweets,13
C84,1,P21,clothes,13
C84,1,P18,clothes,13
C84,1,P13,clothes,13
C84,1,P21,clothes,13
C84,1,P21,clothes,13
C84,1,P64,bws,13
C84,1,P63,bws,13
C84,1,P40,sweets,13
C84,1,P64,bws,13
C84,1,P64,bws,13
C84,1,P63,bws,13
C85,8,P29,fruit_veg,58
C85,8,P27,fruit_veg,58
C85,8,P25,fruit_veg,58
C85,8,P23,fruit_veg,58
C85,8,P31,fruit_veg,58
C85,8,P27,fruit_veg,58
C85,8,P27,fruit_veg,58
C85,8,P30,fruit_veg,58
C85,8,P25,fruit_veg,58
C85,8,P33,fruit_veg,58
C85,8,P33,fruit_veg,58
C85,8,P23,fruit_veg,58
C85,8,P33,fruit_veg,58
C85,8,P23,fruit_veg,58
C85,8,P23,fruit_veg,58
C85,8,P30,fruit_veg,58
C85,8,P32,fruit_veg,58
C85,8,P29,fruit_veg,58
C85,8,P24,fruit_veg,58
C85,8,P27,fruit_veg,58
C85,8,P32,fruit_veg,58
C85,8,P23,fruit_veg,58
C85,8,P28,fruit_veg,58
C85,8,P27,fruit_veg,58
C85,8,P33,fruit_veg,58
C85,8,P24,fruit_veg,58
C85,8,P22,fruit_veg,58
C85,8,P29,fruit_veg,58
C85,8,P24,fruit_veg,58
C85,8,P25,fruit_veg,58
C85,8,P33,fruit_veg,58
C85,8,P29,fruit_veg,58
C85,8,P29,fruit_veg,58
C85,8,P31,fruit_veg,58
C85,8,P27,fruit_veg,58
C85,8,P32,fruit_veg,58
C85,8,P28,fruit_veg,58
C85,8,P28,fruit_veg,58
C85,8,P34,fruit_veg,58
C85,8,P25,fruit_veg,58
C85,8,P31,fruit_veg,58
C85,8,P26,fruit_veg,58
C85,8,P22,fruit_veg,58
C85,8,P26,fruit_veg,58
C85,8,P26,fruit_veg,58
C85,8,P29,fruit_veg,58
C85,8,P25,fruit_veg,58
C85,8,P23,fruit_veg,58
C85,8,P25,fruit_veg,58
C85,8,P25,fruit_veg,58
C85,8,P33,fruit_veg,58
C85,8,P22,fruit_veg,58
C85,8,P24,fruit_veg,58
C85,8,P32,fruit_veg,58
C85,8,P23,fruit_veg,58
C85,8,P22,fruit_veg,58
C85,8,P33,fruit_veg,58
C85,8,P23,fruit_veg,58
C86,8,P08,house,63
C86,8,P09,house,63
C86,8,P03,house,63
C86,8,P01,house,63
C86,8,P02,house,63
C86,8,P09,house,63
C86,8,P03,house,63
C86,8,P08,house,63
C86,8,P09,house,63
C86,8,P53,food,63
C86,8,P03,house,63
C86,8,P04,house,63
C86,8,P07,house,63
C86,8,P12,house,63
C86,8,P03,house,63
C86,8,P12,house,63
C86,8,P52,food,63
C86,8,P42,food,63
C86,8,P41,food,63
C86,8,P55,food,63
C86,8,P58,food,63
C86,8,P54,food,63
C86,8,P07,house,63
C86,8,P12,house,63
C86,8,P41,food,63
C86,8,P52,food,63
C86,8,P12,house,63
C86,8,P03,house,63
C86,8,P07,house,63
C86,8,P10,house,63
C86,8,P43,food,63
C86,8,P54,food,63
C86,8,P56,food,63
C86,8,P55,food,63
C86,8,P42,food,63
C86,8,P47,food,63
C86,8,P58,food,63
C86,8,P48,food,63
C86,8,P07,house,63
C86,8,P10,house,63
C86,8,P02,house,63
C86,8,P08,house,63
C86,8,P03,house,63
C86,8,P01,house,63
C86,8,P03,house,63
C86,8,P07,house,63
C86,8,P12,house,63
C86,8,P47,food,63
C86,8,P41,food,63
C86,8,P52,food,63
C86,8,P01,house,63
C86,8,P51,food,63
C86,8,P54,food,63
C86,8,P56,food,63
C86,8,P51,food,63
C86,8,P05,house,63
C86,8,P08,house,63
C86,8,P04,house,63
C86,8,P41,food,63
C86,8,P12,house,63
C86,8,P09,house,63
C86,8,P10,house,63
C86,8,P05,house,63
C87,3,P29,fruit_veg,41
C87,3,P33,fruit_veg,41
C87,3,P32,fruit_veg,41
C87,3,P01,house,41
C87,3,P05,house,41
C87,3,P02,house,41
C87,3,P09,house,41
C87,3,P05,house,41
C87,3,P12,house,41
C87,3,P35,sweets,41
C87,3,P31,fruit_veg,41
C87,3,P44,food,41
C87,3,P50,food,41
C87,3,P48,food,41
C87,3,P48,food,41
C87,3,P10,house,41
C87,3,P10,house,41
C87,3,P01,house,41
C87,3,P05,house,41
C87,3,P01,house,41
C87,3,P09,house,41
C87,3,P32,fruit_veg,41
C87,3,P24,fruit_veg,41
C87,3,P34,fruit_veg,41
C87,3,P31,fruit_veg,41
C87,3,P24,fruit_veg,41
C87,3,P42,food,41
C87,3,P45,food,41
C87,3,P56,food,41
C87,3,P34,fruit_veg,41
C87,3,P10,house,41
C87,3,P11,house,41
C87,3,P12,house,41
C87,3,P34,fruit_veg,41
C87,3,P11,house,41
C87,3,P02,house,41
C87,3,P05,house,41
C87,3,P24,fruit_veg,41
C87,3,P54,food,41
C87,3,P59,food,41
C87,3,P49,food,41
C88,1,P56,food,23
C88,1,P50,food,23
C88,1,P56,food,23
C88,1,P49,food,23
C88,1,P42,food,23
C88,1,P41,food,23
C88,1,P58,food,23
C88,1,P58,food,23
C88,1,P60,food,23
C88,1,P41,food,23
C88,1,P50,food,23
C88,1,P58,food,23
C88,1,P39,sweets,23
C88,1,P37,sweets,23
C88,1,P54,food,23
C88,1,P44,food,23
C88,1,P52,food,23
C88,1,P37,sweets,23
C88,1,P37,sweets,23
C88,1,P43,food,23
C88,1,P52,food,23
C88,1,P45,food,23
C88,1,P52,food,23
C89,8,P28,fruit_veg,35
C89,8,P22,fruit_veg,35
C89,8,P25,fruit_veg,35
C89,8,P29,fruit_veg,35
C89,8,P27,fruit_veg,35
C89,8,P33,fruit_veg,35
C89,8,P24,fruit_veg,35
C89,8,P30,fruit_veg,35
C89,8,P28,fruit_veg,35
C89,8,P29,fruit_veg,35
C89,8,P27,fruit_veg,35
C89,8,P32,fruit_veg,35
C89,8,P27,fruit_veg,35
C89,8,P34,fruit_veg,35
C89,8,P22,fruit_veg,35
C89,8,P32,fruit_veg,35
C89,8,P26,fruit_veg,35
C89,8,P33,fruit_veg,35
C89,8,P32,fruit_veg,35
C89,8,P33,fruit_veg,35
C89,8,P31,fruit_veg,35
C89,8,P27,fruit_veg,35
C89,8,P33,fruit_veg,35
C89,8,P28,fruit_veg,35
C89,8,P32,fruit_veg,35
C89,8,P29,fruit_veg,35
C89,8,P22,fruit_veg,35
C89,8,P28,fruit_veg,35
C89,8,P24,fruit_veg,35
C89,8,P28,fruit_veg,35
C89,8,P32,fruit_veg,35
C89,8,P31,fruit_veg,35
C89,8,P30,fruit_veg,35
C89,8,P34,fruit_veg,35
C89,8,P24,fruit_veg,35
C9,8,P52,food,12
C9,8,P48,food,12
C9,8,P49,food,12
C9,8,P61,bws,12
C9,8,P64,bws,12
C9,8,P63,bws,12
C9,8,P62,bws,12
C9,8,P61,bws,12
C9,8,P42,food,12
C9,8,P45,food,12
C9,8,P42,food,12
C9,8,P39,sweets,12
C90,3,P43,food,67
C90,3,P58,food,67
C90,3,P54,food,67
C90,3,P56,food,67
C90,3,P42,food,67
C90,3,P04,house,67
C90,3,P33,fruit_veg,67
C90,3,P02,house,67
C90,3,P11,house,67
C90,3,P03,house,67
C90,3,P04,house,67
C90,3,P25,fruit_veg,67
C90,3,P28,fruit_veg,67
C90,3,P26,fruit_veg,67
C90,3,P34,fruit_veg,67
C90,3,P49,food,67
C90,3,P54,food,67
C90,3,P47,food,67
C90,3,P60,food,67
C90,3,P46,food,67
C90,3,P50,food,67
C90,3,P05,house,67
C90,3,P08,house,67
C90,3,P03,house,67
C90,3,P28,fruit_veg,67
C90,3,P48,food,67
C90,3,P51,food,67
C90,3,P48,food,67
C90,3,P28,fruit_veg,67
C90,3,P22,fruit_veg,67
C90,3,P33,fruit_veg,67
C90,3,P32,fruit_veg,67
C90,3,P22,fruit_veg,67
C90,3,P30,fruit_veg,67
C90,3,P26,fruit_veg,67
C90,3,P07,house,67
C90,3,P11,house,67
C90,3,P09,house,67
C90,3,P25,fruit_veg,67
C90,3,P34,fruit_veg,67
C90,3,P27,fruit_veg,67
C90,3,P31,fruit_veg,67
C90,3,P34,fruit_veg,67
C90,3,P32,fruit_veg,67
C90,3,P09,house,67
C90,3,P09,house,67
C90,3,P57,food,67
C90,3,P03,house,67
C90,3,P05,house,67
C90,3,P09,house,67
C90,3,P09,house,67
C90,3,P01,house,67
C90,3,P01,house,67
C90,3,P29,fruit_veg,67
C90,3,P05,house,67
C90,3,P11,house,67
C90,3,P07,house,67
C90,3,P08,house,67
C90,3,P10,house,67
C90,3,P06,house,67
C90,3,P01,house,67
C90,3,P12,house,67
C90,3,P41,food,67
C90,3,P47,food,67
C90,3,P12,house,67
C90,3,P07,house,67
C90,3,P07,house,67
C91,3,P19,clothes,41
C91,3,P39,sweets,41
C91,3,P49,food,41
C91,3,P50,food,41
C91,3,P35,sweets,41
C91,3,P38,sweets,41
C91,3,P18,clothes,41
C91,3,P17,clothes,41
C91,3,P20,clothes,41
C91,3,P13,clothes,41
C91,3,P14,clothes,41
C91,3,P59,food,41
C91,3,P42,food,41
C91,3,P19,clothes,41
C91,3,P13,clothes,41
C91,3,P21,clothes,41
C91,3,P17,clothes,41
C91,3,P56,food,41
C91,3,P48,food,41
C91,3,P47,food,41
C91,3,P60,food,41
C91,3,P57,food,41
C91,3,P48,food,41
C91,3,P14,clothes,41
C91,3,P21,clothes,41
C91,3,P14,clothes,41
C91,3,P35,sweets,41
C91,3,P38,sweets,41
C91,3,P36,sweets,41
C91,3,P37,sweets,41
C91,3,P37,sweets,41
C91,3,P35,sweets,41
C91,3,P47,food,41
C91,3,P51,food,41
C91,3,P53,food,41
C91,3,P17,clothes,41
C91,3,P13,clothes,41
C91,3,P18,clothes,41
C91,3,P13,clothes,41
C91,3,P21,clothes,41
C91,3,P36,sweets,41
C92,1,P40,sweets,26
C92,1,P40,sweets,26
C92,1,P36,sweets,26
C92,1,P35,sweets,26
C92,1,P39,sweets,26
C92,1,P36,sweets,26
C92,1,P39,sweets,26
C92,1,P37,sweets,26
C92,1,P39,sweets,26
C92,1,P37,sweets,26
C92,1,P35,sweets,26
C92,1,P40,sweets,26
C92,1,P37,sweets,26
C92,1,P38,sweets,26
C92,1,P37,sweets,26
C92,1,P37,sweets,26
C92,1,P37,sweets,26
C92,1,P40,sweets,26
C92,1,P40,sweets,26
C92,1,P35,sweets,26
C92,1,P40,sweets,26
C92,1,P40,sweets,26
C92,1,P40,sweets,26
C92,1,P37,sweets,26
C92,1,P37,sweets,26
C92,1,P40,sweets,26
C93,5,P40,sweets,18
C93,5,P37,sweets,18
C93,5,P39,sweets,18
C93,5,P38,sweets,18
C93,5,P40,sweets,18
C93,5,P38,sweets,18
C93,5,P35,sweets,18
C93,5,P39,sweets,18
C93,5,P36,sweets,18
C93,5,P37,sweets,18
C93,5,P37,sweets,18
C93,5,P39,sweets,18
C93,5,P35,sweets,18
C93,5,P39,sweets,18
C93,5,P39,sweets,18
C93,5,P37,sweets,18
C93,5,P39,sweets,18
C93,5,P39,sweets,18
C94,10,P45,food,16
C94,10,P52,food,16
C94,10,P41,food,16
C94,10,P44,food,16
C94,10,P05,house,16
C94,10,P28,fruit_veg,16
C94,10,P30,fruit_veg,16
C94,10,P57,food,16
C94,10,P46,food,16
C94,10,P50,food,16
C94,10,P43,food,16
C94,10,P06,house,16
C94,10,P01,house,16
C94,10,P44,food,16
C94,10,P26,fruit_veg,16
C94,10,P31,fruit_veg,16
C95,7,P25,fruit_veg,36
C95,7,P33,fruit_veg,36
C95,7,P26,fruit_veg,36
C95,7,P33,fruit_veg,36
C95,7,P26,fruit_veg,36
C95,7,P25,fruit_veg,36
C95,7,P27,fruit_veg,36
C95,7,P29,fruit_veg,36
C95,7,P23,fruit_veg,36
C95,7,P27,fruit_veg,36
C95,7,P24,fruit_veg,36
C95,7,P30,fruit_veg,36
C95,7,P25,fruit_veg,36
C95,7,P28,fruit_veg,36
C95,7,P24,fruit_veg,36
C95,7,P22,fruit_veg,36
C95,7,P28,fruit_veg,36
C95,7,P34,fruit_veg,36
C95,7,P25,fruit_veg,36
C95,7,P28,fruit_veg,36
C95,7,P26,fruit_veg,36
C95,7,P30,fruit_veg,36
C95,7,P24,fruit_veg,36
C95,7,P28,fruit_veg,36
C95,7,P24,fruit_veg,36
C95,7,P31,fruit_veg,36
C95,7,P25,fruit_veg,36
C95,7,P29,fruit_veg,36
C95,7,P22,fruit_veg,36
C95,7,P28,fruit_veg,36
C95,7,P22,fruit_veg,36
C95,7,P33,fruit_veg,36
C95,7,P30,fruit_veg,36
C95,7,P31,fruit_veg,36
C95,7,P33,fruit_veg,36
C95,7,P23,fruit_veg,36
C96,10,P38,sweets,32
C96,10,P39,sweets,32
C96,10,P40,sweets,32
C96,10,P38,sweets,32
C96,10,P36,sweets,32
C96,10,P37,sweets,32
C96,10,P37,sweets,32
C96,10,P40,sweets,32
C96,10,P40,sweets,32
C96,10,P36,sweets,32
C96,10,P37,sweets,32
C96,10,P38,sweets,32
C96,10,P37,sweets,32
C96,10,P35,sweets,32
C96,10,P37,sweets,32
C96,10,P38,sweets,32
C96,10,P35,sweets,32
C96,10,P40,sweets,32
C96,10,P39,sweets,32
C96,10,P39,sweets,32
C96,10,P37,sweets,32
C96,10,P39,sweets,32
C96,10,P39,sweets,32
C96,10,P36,sweets,32
C96,10,P35,sweets,32
C96,10,P38,sweets,32
C96,10,P37,sweets,32
C96,10,P40,sweets,32
C96,10,P37,sweets,32
C96,10,P40,sweets,32
C96,10,P35,sweets,32
C96,10,P35,sweets,32
C97,9,P55,food,56
C97,9,P41,food,56
C97,9,P36,sweets,56
C97,9,P58,food,56
C97,9,P50,food,56
C97,9,P53,food,56
C97,9,P45,food,56
C97,9,P58,food,56
C97,9,P49,food,56
C97,9,P11,house,56
C97,9,P24,fruit_veg,56
C97,9,P05,house,56
C97,9,P44,food,56
C97,9,P58,food,56
C97,9,P60,food,56
C97,9,P48,food,56
C97,9,P11,house,56
C97,9,P04,house,56
C97,9,P10,house,56
C97,9,P41,food,56
C97,9,P58,food,56
C97,9,P58,food,56
C97,9,P45,food,56
C97,9,P42,food,56
C97,9,P44,food,56
C97,9,P40,sweets,56
C97,9,P07,house,56
C97,9,P09,house,56
C97,9,P08,house,56
C97,9,P53,food,56
C97,9,P58,food,56
C97,9,P49,food,56
C97,9,P47,food,56
C97,9,P46,food,56
C97,9,P43,food,56
C97,9,P46,food,56
C97,9,P47,food,56
C97,9,P11,house,56
C97,9,P06,house,56
C97,9,P11,house,56
C97,9,P47,food,56
C97,9,P46,food,56
C97,9,P53,food,56
C97,9,P60,food,56
C97,9,P39,sweets,56
C97,9,P38,sweets,56
C97,9,P38,sweets,56
C97,9,P37,sweets,56
C97,9,P49,food,56
C97,9,P36,sweets,56
C97,9,P35,sweets,56
C97,9,P28,fruit_veg,56
C97,9,P27,fruit_veg,56
C97,9,P34,fruit_veg,56
C97,9,P55,food,56
C97,9,P35,sweets,56
C98,7,P38,sweets,59
C98,7,P12,house,59
C98,7,P10,house,59
C98,7,P11,house,59
C98,7,P37,sweets,59
C98,7,P40,sweets,59
C98,7,P40,sweets,59
C98,7,P43,food,59
C98,7,P47,food,59
C98,7,P39,sweets,59
C98,7,P35,sweets,59
C98,7,P11,house,59
C98,7,P12,house,59
C98,7,P08,house,59
C98,7,P58,food,59
C98,7,P39,sweets,59
C98,7,P38,sweets,59
C98,7,P36,sweets,59
C98,7,P42,food,59
C98,7,P08,house,59
C98,7,P09,house,59
C98,7,P08,house,59
C98,7,P21,clothes,59
C98,7,P13,clothes,59
C98,7,P16,clothes,59
C98,7,P58,food,59
C98,7,P46,food,59
C98,7,P41,food,59
C98,7,P41,food,59
C98,7,P56,food,59
C98,7,P12,house,59
C98,7,P06,house,59
C98,7,P05,house,59
C98,7,P08,house,59
C98,7,P10,house,59
C98,7,P12,house,59
C98,7,P48,food,59
C98,7,P18,clothes,59
C98,7,P17,clothes,59
C98,7,P16,clothes,59
C98,7,P05,house,59
C98,7,P03,house,59
C98,7,P21,clothes,59
C98,7,P35,sweets,59
C98,7,P35,sweets,59
C98,7,P39,sweets,59
C98,7,P38,sweets,59
C98,7,P39,sweets,59
C98,7,P05,house,59
C98,7,P19,clothes,59
C98,7,P18,clothes,59
C98,7,P11,house,59
C98,7,P02,house,59
C98,7,P37,sweets,59
C98,7,P19,clothes,59
C98,7,P40,sweets,59
C98,7,P08,house,59
C98,7,P05,house,59
C98,7,P09,house,59
C99,9,P55,food,46
C99,9,P60,food,46
C99,9,P43,food,46
C99,9,P14,clothes,46
C99,9,P13,clothes,46
C99,9,P17,clothes,46
C99,9,P43,food,46
C99,9,P42,food,46
C99,9,P15,clothes,46
C99,9,P21,clothes,46
C99,9,P11,house,46
C99,9,P49,food,46
C99,9,P60,food,46
C99,9,P51,food,46
C99,9,P55,food,46
C99,9,P46,food,46
C99,9,P45,food,46
C99,9,P36,sweets,46
C99,9,P39,sweets,46
C99,9,P39,sweets,46
C99,9,P41,food,46
C99,9,P41,food,46
C99,9,P58,food,46
C99,9,P38,sweets,46
C99,9,P40,sweets,46
C99,9,P37,sweets,46
C99,9,P21,clothes,46
C99,9,P58,food,46
C99,9,P47,food,46
C99,9,P60,food,46
C99,9,P59,food,46
C99,9,P57,food,46
C99,9,P55,food,46
C99,9,P05,house,46
C99,9,P11,house,46
C99,9,P03,house,46
C99,9,P12,house,46
C99,9,P09,house,46
C99,9,P09,house,46
C99,9,P11,house,46
C99,9,P12,house,46
C99,9,P07,house,46
C99,9,P03,house,46
C99,9,P10,house,46
C99,9,P42,food,46
C99,9,P45,food,46
